0,0.7598,0,-0.0474875,0,0.3
1,0.7598,0,-0.0474875,0.438,0.3
2,0.7598,-0.7509,-0.0474875,0.876,0.3
3,0.7598,-0.7509,-0.0474875,1.314,0.3
4,0.7598,-0.7509,-0.0474875,1.752,0.3
5,0.7598,-0.7509,-0.0474875,2.19,0.3
6,0.7598,-0.7509,-0.0474875,2.628,0.3
7,0.7598,-0.7509,-0.0474875,3.066,0.3
8,0.7598,-0.7509,-0.0474875,3.504,0.3
9,0.7598,-0.7509,-0.0474875,3.942,0.3
10,0.7598,-0.7509,-0.0474875,4.38,0.3
11,0.7598,-0.7509,-0.0474875,4.818,0.3
12,0.7598,-0.7509,-0.0474875,5.256,0.3
13,0.7598,-0.7509,-0.0474875,5.694,0.3
14,0.7598,-0.7509,-0.0474875,6.132,0.3
15,0.7599,-0.7509,-0.0474938,6.57,0.3
16,0.7599,-0.7509,-0.0474938,6.7858,0.3
17,0.7598,-0.751,-0.0474875,4.8684,0.3
18,0.7598,-0.751,-0.0474875,3.1886,0.3
19,0.7598,-0.7509,-0.0474875,1.6827,0.3
20,0.7598,-0.7509,-0.0474875,0.4694,0.3
21,0.7597,-0.7509,-0.0474813,0.5775,0.3
22,0.7597,-0.7509,-0.0474813,1.2422,0.3
23,0.7596,-0.7507,-0.047475,1.6304,0.3
24,0.7595,-0.7507,-0.0474687,1.7583,0.3
25,0.7594,-0.7505,-0.0474625,1.565,0.3
26,0.7594,-0.7504,-0.0474625,1.3311,0.3
27,0.7593,-0.7502,-0.0474562,1.0589,0.3
28,0.7593,-0.7502,-0.0474562,1.0589,0.3
29,0.7592,-0.7501,-0.04745,0.8232,0.3
30,0.7591,-0.7501,-0.0474437,0.555,0.3
31,0.759,-0.7499,-0.0474375,0.5205,0.3
32,0.7589,-0.7498,-0.0474313,0.6229,0.3
33,0.7589,-0.7498,-0.0474313,0.6229,0.3
34,0.7588,-0.7494,-0.047425,0.6909,0.3
35,0.7587,-0.7494,-0.0474188,0.7102,0.3
36,0.7586,-0.7493,-0.0474125,0.7451,0.3
37,0.7584,-0.7491,-0.0474,0.7476,0.3
38,0.7583,-0.749,-0.0473937,0.776,0.3
39,0.7582,-0.7487,-0.0473875,0.8105,0.3
40,0.758,-0.7485,-0.047375,0.7831,0.3
41,0.7579,-0.7484,-0.0473688,0.823,0.3
42,0.7578,-0.748,-0.0473625,0.8306,0.3
43,0.7576,-0.7479,-0.04735,0.8794,0.3
44,0.7574,-0.7477,-0.0473375,0.9136,0.3
45,0.7571,-0.7474,-0.0473187,0.9647,0.3
46,0.7569,-0.7471,-0.0473063,1.0402,0.3
47,0.7569,-0.7471,-0.0473063,1.0402,0.3
48,0.7567,-0.7463,-0.0472938,1.0654,0.3
49,0.7565,-0.7463,-0.0472812,1.14,0.3
50,0.7563,-0.746,-0.0472687,1.1173,0.3
51,0.7561,-0.7457,-0.0472562,1.1532,0.3
52,0.7559,-0.7454,-0.0472438,1.2079,0.3
53,0.7557,-0.7451,-0.0472313,1.2725,0.3
54,0.7554,-0.7448,-0.0472125,1.2874,0.3
55,0.7549,-0.7444,-0.0471813,1.3996,0.3
56,0.7547,-0.744,-0.0471688,1.4428,0.3
57,0.7544,-0.7432,-0.04715,1.526,0.3
58,0.7541,-0.7429,-0.0471312,1.5323,0.3
59,0.7538,-0.7424,-0.0471125,1.5875,0.3
60,0.7535,-0.7419,-0.0470937,1.6671,0.3
61,0.7532,-0.7415,-0.047075,1.6748,0.3
62,0.7529,-0.741,-0.0470563,1.7416,0.3
63,0.7526,-0.7405,-0.0470375,1.754,0.3
64,0.7523,-0.7401,-0.0470187,1.8367,0.3
65,0.7519,-0.7396,-0.0469938,1.8833,0.3
66,0.7515,-0.7391,-0.0469687,1.9446,0.3
67,0.7512,-0.7385,-0.04695,2.0098,0.3
68,0.7508,-0.7379,-0.046925,2.0863,0.3
69,0.7504,-0.7374,-0.0469,2.1328,0.3
70,0.75,-0.7368,-0.046875,2.1747,0.3
71,0.7495,-0.7362,-0.0468438,2.2545,0.3
72,0.7491,-0.7355,-0.0468187,2.3331,0.3
73,0.7487,-0.7348,-0.0467938,2.3869,0.3
74,0.7482,-0.7341,-0.0467625,2.4435,0.3
75,0.7477,-0.7335,-0.0467313,2.5267,0.3
76,0.7472,-0.7327,-0.0467,2.5959,0.3
77,0.7467,-0.7319,-0.0466688,2.6506,0.3
78,0.7462,-0.7312,-0.0466375,2.7352,0.3
79,0.7457,-0.7304,-0.0466063,2.7838,0.3
80,0.7452,-0.7296,-0.046575,2.8727,0.3
81,0.7446,-0.7288,-0.0465375,2.9147,0.3
82,0.7441,-0.728,-0.0465062,2.9927,0.3
83,0.7435,-0.7271,-0.0464688,3.08,0.3
84,0.7429,-0.7263,-0.0464313,3.1318,0.3
85,0.7423,-0.7254,-0.0463937,3.2238,0.3
86,0.7416,-0.7244,-0.04635,3.2561,0.3
87,0.741,-0.7235,-0.0463125,3.356,0.3
88,0.7403,-0.7224,-0.0462687,3.3909,0.3
89,0.731,-0.7215,-0.0456875,4.1908,0.3
90,0.7282,-0.7204,-0.0455125,4.3838,0.3
91,0.7273,-0.7059,-0.0454562,4.4477,0.3
92,0.7263,-0.7015,-0.0453937,4.5114,0.3
93,0.7253,-0.7001,-0.0453312,4.5751,0.3
94,0.7243,-0.6985,-0.0452688,4.6386,0.3
95,0.7232,-0.6969,-0.0452,4.702,0.3
96,0.7222,-0.6954,-0.0451375,4.7653,0.3
97,0.7211,-0.6937,-0.0450687,4.8285,0.3
98,0.72,-0.6921,-0.045,4.8915,0.3
99,0.7188,-0.6904,-0.044925,4.9544,0.3
100,0.7177,-0.6887,-0.0448563,5.0172,0.3
101,0.7165,-0.6868,-0.0447813,5.0799,0.3
102,0.7153,-0.6851,-0.0447063,5.1424,0.3
103,0.7141,-0.6832,-0.0446312,5.2048,0.3
104,0.7129,-0.6813,-0.0445562,5.2671,0.3
105,0.7116,-0.6794,-0.044475,5.3292,0.3
106,0.7104,-0.6776,-0.0444,5.3913,0.3
107,0.7091,-0.6755,-0.0443187,5.4532,0.3
108,0.7077,-0.6737,-0.0442312,5.5149,0.3
109,0.7064,-0.6716,-0.04415,5.5766,0.3
110,0.705,-0.6694,-0.0440625,5.6381,0.3
111,0.7036,-0.6674,-0.043975,5.6995,0.3
112,0.7022,-0.6652,-0.0438875,5.7608,0.3
113,0.7007,-0.663,-0.0437937,5.8219,0.3
114,0.6992,-0.6609,-0.0437,5.883,0.3
115,0.6977,-0.6585,-0.0436062,5.9439,0.3
116,0.6962,-0.6562,-0.0435125,6.0046,0.3
117,0.6947,-0.6538,-0.0434187,6.0653,0.3
118,0.6931,-0.6515,-0.0433188,6.1258,0.3
119,0.6915,-0.6491,-0.0432188,6.1862,0.3
120,0.6898,-0.6466,-0.0431125,6.2465,0.3
121,0.6882,-0.6441,-0.0430125,6.3066,0.3
122,0.6865,-0.6415,-0.0429062,6.3666,0.3
123,0.6848,-0.639,-0.0428,6.4265,0.3
124,0.683,-0.6363,-0.0426875,6.4863,0.3
125,0.6813,-0.6337,-0.0425813,6.5459,0.3
126,0.6795,-0.6309,-0.0424687,6.6055,0.3
127,0.6778,-0.6282,-0.0423625,6.6649,0.3
128,0.6764,-0.6254,-0.042275,6.7242,0.3
129,0.6752,-0.6227,-0.0422,6.7833,0.3
130,0.6744,-0.6205,-0.04215,6.8423,0.3
131,0.6738,-0.6187,-0.0421125,6.9013,0.3
132,0.6738,-0.6174,-0.0421125,6.9601,0.3
133,0.6742,-0.6165,-0.0421375,7.0187,0.3
134,0.6752,-0.6165,-0.0422,7.0773,0.3
135,0.677,-0.6171,-0.0423125,7.1357,0.3
136,0.6796,-0.6187,-0.042475,7.194,0.3
137,0.6796,-0.6215,-0.042475,7.2522,0.3
138,0.6754,-0.6255,-0.0422125,7.3103,0.3
139,0.6743,-0.6255,-0.0421438,7.3682,0.3
140,0.6736,-0.619,-0.0421,7.426,0.3
141,0.6733,-0.6173,-0.0420813,7.4837,0.3
142,0.6731,-0.6162,-0.0420688,7.5413,0.3
143,0.6733,-0.6157,-0.0420813,7.5988,0.3
144,0.6736,-0.6154,-0.0421,7.6561,0.3
145,0.6742,-0.6157,-0.0421375,7.7134,0.3
146,0.675,-0.6162,-0.0421875,7.7705,0.3
147,0.6759,-0.6171,-0.0422437,7.8275,0.3
148,0.6769,-0.6184,-0.0423062,7.8844,0.3
149,0.6781,-0.6198,-0.0423813,7.9411,0.3
150,0.6793,-0.6213,-0.0424563,7.9978,0.3
151,0.6807,-0.6232,-0.0425437,8.0543,0.3
152,0.6821,-0.6251,-0.0426313,8.1107,0.3
153,0.6836,-0.6273,-0.042725,8.167,0.3
154,0.6852,-0.6294,-0.042825,8.2231,0.3
155,0.6867,-0.6318,-0.0429187,8.2792,0.3
156,0.6882,-0.6343,-0.0430125,8.3351,0.3
157,0.6898,-0.6366,-0.0431125,8.391,0.3
158,0.6913,-0.639,-0.0432063,8.4467,0.3
159,0.6928,-0.6415,-0.0433,8.5023,0.3
160,0.6943,-0.6438,-0.0433938,8.5577,0.3
161,0.6957,-0.6462,-0.0434812,8.6131,0.3
162,0.6972,-0.6485,-0.043575,8.6684,0.3
163,0.6986,-0.6507,-0.0436625,8.7235,0.3
164,0.7001,-0.653,-0.0437562,8.7785,0.3
165,0.7015,-0.6552,-0.0438438,8.8334,0.3
166,0.7028,-0.6576,-0.043925,8.8882,0.3
167,0.7042,-0.6598,-0.0440125,8.9429,0.3
168,0.7056,-0.6618,-0.0441,8.9975,0.3
169,0.7069,-0.664,-0.0441812,9.0519,0.3
170,0.7082,-0.6662,-0.0442625,9.1063,0.3
171,0.7095,-0.6682,-0.0443438,9.1605,0.3
172,0.7108,-0.6702,-0.044425,9.2146,0.3
173,0.712,-0.6723,-0.0445,9.2686,0.3
174,0.7132,-0.6743,-0.044575,9.3225,0.3
175,0.7144,-0.6762,-0.04465,9.3763,0.3
176,0.7156,-0.678,-0.044725,9.43,0.3
177,0.7168,-0.6799,-0.0448,9.4835,0.3
178,0.7179,-0.6818,-0.0448687,9.537,0.3
179,0.719,-0.6837,-0.0449375,9.5903,0.3
180,0.7201,-0.6854,-0.0450062,9.6435,0.3
181,0.7212,-0.6871,-0.045075,9.6967,0.3
182,0.7222,-0.6888,-0.0451375,9.7497,0.3
183,0.7232,-0.6905,-0.0452,9.8026,0.3
184,0.7242,-0.6921,-0.0452625,9.8554,0.3
185,0.7251,-0.6937,-0.0453187,9.908,0.3
186,0.726,-0.6952,-0.045375,9.9606,0.3
187,0.7269,-0.6966,-0.0454312,10.0131,0.3
188,0.7278,-0.698,-0.0454875,10.0654,0.3
189,0.7286,-0.6994,-0.0455375,10.1177,0.3
190,0.7294,-0.7009,-0.0455875,10.1698,0.3
191,0.7301,-0.7021,-0.0456312,10.2218,0.3
192,0.7309,-0.7034,-0.0456812,10.2738,0.3
193,0.7316,-0.7044,-0.045725,10.3256,0.3
194,0.7322,-0.7057,-0.0457625,10.3773,0.3
195,0.7328,-0.7068,-0.0458,10.4289,0.3
196,0.7334,-0.7077,-0.0458375,10.4804,0.3
197,0.734,-0.7087,-0.045875,10.5318,0.3
198,0.7345,-0.7096,-0.0459063,10.583,0.3
199,0.735,-0.7105,-0.0459375,10.6342,0.3
200,0.7354,-0.7113,-0.0459625,10.6853,0.3
201,0.7358,-0.7121,-0.0459875,10.7362,0.3
202,0.7362,-0.7127,-0.0460125,10.7871,0.3
203,0.7365,-0.7134,-0.0460313,10.8379,0.3
204,0.7368,-0.714,-0.04605,10.8885,0.3
205,0.7371,-0.7144,-0.0460687,10.939,0.3
206,0.7373,-0.7149,-0.0460812,10.9895,0.3
207,0.7374,-0.7154,-0.0460875,11.0398,0.3
208,0.7376,-0.7157,-0.0461,11.09,0.3
209,0.7376,-0.7159,-0.0461,11.1402,0.3
210,0.7377,-0.7162,-0.0461063,11.1902,0.3
211,0.7377,-0.7162,-0.0461063,11.2672,0.3
212,0.7376,-0.7163,-0.0461,11.2424,0.3
213,0.7375,-0.7163,-0.0460938,11.4641,0.3
214,0.7374,-0.7162,-0.0460875,11.0659,0.3
215,0.7372,-0.716,-0.046075,11.415,0.3
216,0.737,-0.7159,-0.0460625,11.581,0.3
217,0.7367,-0.7155,-0.0460438,11.2856,0.3
218,0.7364,-0.7152,-0.046025,11.6955,0.3
219,0.736,-0.7148,-0.046,11.3825,0.3
220,0.7356,-0.7143,-0.045975,11.8533,0.3
221,0.7352,-0.7137,-0.04595,11.4226,0.3
222,0.7347,-0.713,-0.0459188,11.9342,0.3
223,0.7341,-0.7124,-0.0458812,11.5429,0.3
224,0.7335,-0.7116,-0.0458438,11.88,0.3
225,0.7329,-0.7107,-0.0458062,11.9415,0.3
226,0.7322,-0.7098,-0.0457625,11.9027,0.3
227,0.7314,-0.7088,-0.0457125,11.947,0.3
228,0.7306,-0.7077,-0.0456625,11.9889,0.3
229,0.7297,-0.7065,-0.0456063,12.1894,0.3
230,0.7288,-0.7052,-0.04555,12.0914,0.3
231,0.7278,-0.7038,-0.0454875,12.1531,0.3
232,0.7268,-0.7024,-0.045425,12.1272,0.3
233,0.7258,-0.7009,-0.0453625,12.3117,0.3
234,0.7247,-0.6993,-0.0452938,12.223,0.3
235,0.7235,-0.6977,-0.0452188,12.2652,0.3
236,0.7223,-0.696,-0.0451438,12.4294,0.3
237,0.721,-0.6941,-0.0450625,12.4729,0.3
238,0.7196,-0.6923,-0.044975,12.5442,0.3
239,0.7183,-0.6902,-0.0448938,12.4362,0.3
240,0.7168,-0.688,-0.0448,12.6417,0.3
241,0.7153,-0.686,-0.0447063,12.5544,0.3
242,0.7138,-0.6837,-0.0446125,12.7347,0.3
243,0.7122,-0.6813,-0.0445125,12.5508,0.3
244,0.7105,-0.679,-0.0444063,12.9278,0.3
245,0.7088,-0.6765,-0.0443,12.7246,0.3
246,0.7069,-0.6738,-0.0441812,12.9799,0.3
247,0.7051,-0.6712,-0.0440687,12.7284,0.3
248,0.7031,-0.6682,-0.0439437,12.9453,0.3
249,0.7012,-0.6654,-0.043825,12.9703,0.3
250,0.6991,-0.6623,-0.0436938,13.2085,0.3
251,0.697,-0.6593,-0.0435625,12.9216,0.3
252,0.6948,-0.656,-0.043425,13.1911,0.3
253,0.6926,-0.6527,-0.0432875,13.0801,0.3
254,0.6903,-0.6493,-0.0431438,13.3014,0.3
255,0.688,-0.6459,-0.043,13.1124,0.3
256,0.6855,-0.6423,-0.0428437,13.4191,0.3
257,0.6831,-0.6387,-0.0426938,13.2675,0.3
258,0.6805,-0.6348,-0.0425312,13.462,0.3
259,0.6779,-0.631,-0.0423687,13.3419,0.3
260,0.6753,-0.6269,-0.0422063,13.6125,0.3
261,0.6726,-0.6229,-0.0420375,13.4441,0.3
262,0.6698,-0.6188,-0.0418625,13.6459,0.3
263,0.667,-0.6146,-0.0416875,13.5204,0.3
264,0.664,-0.6102,-0.0415,13.7913,0.3
265,0.6611,-0.6059,-0.0413188,13.6226,0.3
266,0.6581,-0.6012,-0.0411313,13.8285,0.3
267,0.6551,-0.5966,-0.0409438,13.6555,0.3
268,0.6519,-0.5919,-0.0407438,13.9923,0.3
269,0.6487,-0.5873,-0.0405438,13.7795,0.3
270,0.6454,-0.5823,-0.0403375,13.9854,0.3
271,0.6421,-0.5773,-0.0401313,13.8866,0.3
272,0.6386,-0.5721,-0.0399125,14.1713,0.3
273,0.6353,-0.5669,-0.0397062,13.9503,0.3
274,0.6317,-0.5615,-0.0394813,14.1586,0.3
275,0.6282,-0.5563,-0.0392625,14.0663,0.3
276,0.6245,-0.5507,-0.0390313,14.3504,0.3
277,0.6208,-0.5452,-0.0388,14.1204,0.3
278,0.617,-0.5394,-0.0385625,14.3311,0.3
279,0.6133,-0.5337,-0.0383312,14.2426,0.3
280,0.6093,-0.5277,-0.0380812,14.5287,0.3
281,0.6055,-0.5219,-0.0378438,14.2904,0.3
282,0.6014,-0.5157,-0.0375875,14.5039,0.3
283,0.5974,-0.5098,-0.0373375,14.4161,0.3
284,0.5932,-0.5034,-0.037075,14.7032,0.3
285,0.5891,-0.4971,-0.0368187,14.4626,0.3
286,0.5848,-0.4905,-0.03655,14.6769,0.3
287,0.5806,-0.4841,-0.0362875,14.587,0.3
288,0.5762,-0.4774,-0.0360125,14.8734,0.3
289,0.5719,-0.4709,-0.0357437,14.6364,0.3
290,0.5673,-0.464,-0.0354563,14.8494,0.3
291,0.5629,-0.4573,-0.0351812,14.7536,0.3
292,0.5582,-0.4501,-0.0348875,15.0431,0.3
293,0.5537,-0.4432,-0.0346062,14.8087,0.3
294,0.5489,-0.4359,-0.0343063,15.0207,0.3
295,0.5442,-0.4288,-0.0340125,14.9192,0.3
296,0.5394,-0.4213,-0.0337125,15.209,0.3
297,0.5346,-0.414,-0.0334125,14.9788,0.3
298,0.5296,-0.4065,-0.0331,15.1887,0.3
299,0.5247,-0.399,-0.0327938,15.0881,0.3
300,0.5197,-0.3912,-0.0324813,15.3724,0.3
301,0.5147,-0.3835,-0.0321688,15.1468,0.3
302,0.5095,-0.3757,-0.0318437,15.3543,0.3
303,0.5044,-0.3679,-0.031525,15.2584,0.3
304,0.4991,-0.3598,-0.0311937,15.5339,0.3
305,0.4939,-0.3518,-0.0308688,15.314,0.3
306,0.4885,-0.3435,-0.0305312,15.5187,0.3
307,0.4832,-0.3354,-0.0302,15.4269,0.3
308,0.4777,-0.3269,-0.0298563,15.694,0.3
309,0.4724,-0.3187,-0.029525,15.48,0.3
310,0.4668,-0.3101,-0.029175,15.6824,0.3
311,0.4613,-0.3018,-0.0288312,15.5926,0.3
312,0.4556,-0.293,-0.028475,15.8534,0.3
313,0.4501,-0.2844,-0.0281313,15.6447,0.3
314,0.4444,-0.2755,-0.027775,15.845,0.3
315,0.4387,-0.2669,-0.0274187,15.7568,0.3
316,0.4329,-0.258,-0.0270563,16.0109,0.3
317,0.4271,-0.2491,-0.0266937,15.8085,0.3
318,0.4212,-0.2401,-0.026325,16.0063,0.3
319,0.4154,-0.231,-0.0259625,15.9194,0.3
320,0.4094,-0.2218,-0.0255875,16.1672,0.3
321,0.4036,-0.2127,-0.025225,15.9712,0.3
322,0.3975,-0.2034,-0.0248438,16.1663,0.3
323,0.3916,-0.1943,-0.024475,16.0806,0.3
324,0.3854,-0.1848,-0.0240875,16.322,0.3
325,0.3795,-0.1755,-0.0237188,16.1327,0.3
326,0.3733,-0.1659,-0.0233313,16.3251,0.3
327,0.3672,-0.1566,-0.02295,16.2406,0.3
328,0.361,-0.1469,-0.0225625,16.4753,0.3
329,0.3548,-0.1374,-0.022175,16.2931,0.3
330,0.3488,-0.1277,-0.0218,16.4825,0.3
331,0.3433,-0.118,-0.0214562,16.3995,0.3
332,0.3382,-0.1087,-0.0211375,16.6269,0.3
333,0.3338,-0.1001,-0.0208625,16.4525,0.3
334,0.3297,-0.0921,-0.0206062,16.6386,0.3
335,0.3262,-0.0852,-0.0203875,16.5574,0.3
336,0.3231,-0.0788,-0.0201937,16.7769,0.3
337,0.3204,-0.0734,-0.020025,16.6109,0.3
338,0.3182,-0.0685,-0.0198875,16.7934,0.3
339,0.3154,-0.0643,-0.0197125,16.9251,0.3
340,0.3148,-0.0609,-0.019675,16.7685,0.3
341,0.3146,-0.0565,-0.0196625,16.9469,0.3
342,0.315,-0.0555,-0.0196875,16.8705,0.3
343,0.3159,-0.0552,-0.0197438,17.0716,0.3
344,0.317,-0.0559,-0.0198125,16.9254,0.3
345,0.3181,-0.0573,-0.0198812,17.0988,0.3
346,0.3192,-0.059,-0.01995,17.026,0.3
347,0.3202,-0.0607,-0.0200125,17.2163,0.3
348,0.3214,-0.0624,-0.0200875,17.0818,0.3
349,0.3224,-0.064,-0.02015,17.2492,0.3
350,0.3245,-0.0659,-0.0202813,17.3589,0.3
351,0.3256,-0.0674,-0.02035,17.2381,0.3
352,0.3266,-0.0707,-0.0204125,17.3976,0.3
353,0.3276,-0.0724,-0.020475,17.3352,0.3
354,0.3286,-0.074,-0.0205375,17.4992,0.3
355,0.3297,-0.0755,-0.0206062,17.3948,0.3
356,0.3306,-0.0771,-0.0206625,17.5433,0.3
357,0.3316,-0.0788,-0.020725,17.4901,0.3
358,0.3326,-0.0802,-0.0207875,17.6367,0.3
359,0.3336,-0.0818,-0.02085,17.5522,0.3
360,0.3345,-0.0834,-0.0209063,17.6857,0.3
361,0.3355,-0.0849,-0.0209688,17.645,0.3
362,0.3364,-0.0863,-0.021025,17.7715,0.3
363,0.3373,-0.0879,-0.0210812,17.7091,0.3
364,0.3382,-0.0893,-0.0211375,17.8256,0.3
365,0.3391,-0.0907,-0.0211938,17.7978,0.3
366,0.34,-0.0921,-0.02125,17.9062,0.3
367,0.3409,-0.0935,-0.0213062,17.8639,0.3
368,0.3417,-0.0949,-0.0213563,17.9651,0.3
369,0.3426,-0.0963,-0.0214125,17.9488,0.3
370,0.3434,-0.0976,-0.0214625,18.0411,0.3
371,0.3442,-0.099,-0.0215125,18.017,0.3
372,0.345,-0.1002,-0.0215625,18.1036,0.3
373,0.3458,-0.1015,-0.0216125,18.0982,0.3
374,0.3466,-0.1027,-0.0216625,18.1762,0.3
375,0.3474,-0.104,-0.0217125,18.1681,0.3
376,0.3481,-0.1052,-0.0217563,18.2414,0.3
377,0.3488,-0.1065,-0.0218,18.2457,0.3
378,0.3495,-0.1076,-0.0218437,18.3121,0.3
379,0.3503,-0.1087,-0.0218938,18.3163,0.3
380,0.3509,-0.1098,-0.0219312,18.3789,0.3
381,0.3516,-0.111,-0.021975,18.3909,0.3
382,0.3522,-0.1119,-0.0220125,18.4483,0.3
383,0.3529,-0.113,-0.0220562,18.4618,0.3
384,0.3535,-0.114,-0.0220937,18.5158,0.3
385,0.3541,-0.1151,-0.0221313,18.5344,0.3
386,0.3546,-0.116,-0.0221625,18.5842,0.3
387,0.3552,-0.1169,-0.0222,18.6051,0.3
388,0.3557,-0.1177,-0.0222313,18.6519,0.3
389,0.3563,-0.1187,-0.0222688,18.6761,0.3
390,0.3567,-0.1194,-0.0222938,18.7198,0.3
391,0.3573,-0.1204,-0.0223313,18.746,0.3
392,0.3577,-0.121,-0.0223563,18.7874,0.3
393,0.3582,-0.1219,-0.0223875,18.8158,0.3
394,0.3586,-0.1226,-0.0224125,18.855,0.3
395,0.359,-0.1234,-0.0224375,18.8848,0.3
396,0.3593,-0.124,-0.0224563,18.9225,0.3
397,0.3598,-0.1246,-0.0224875,18.9534,0.3
398,0.36,-0.1251,-0.0225,18.99,0.3
399,0.3604,-0.1259,-0.022525,19.0214,0.3
400,0.3607,-0.1262,-0.0225438,19.0573,0.3
401,0.361,-0.1268,-0.0225625,19.0891,0.3
402,0.3612,-0.1273,-0.022575,19.1244,0.3
403,0.3615,-0.1277,-0.0225937,19.1564,0.3
404,0.3616,-0.128,-0.0226,19.1914,0.3
405,0.3619,-0.1285,-0.0226187,19.2234,0.3
406,0.362,-0.1287,-0.022625,19.2581,0.3
407,0.3622,-0.1291,-0.0226375,19.2901,0.3
408,0.3622,-0.1293,-0.0226375,19.3246,0.3
409,0.3624,-0.1296,-0.02265,19.3569,0.3
410,0.3624,-0.1296,-0.02265,19.3903,0.3
411,0.3625,-0.1299,-0.0226562,19.4233,0.3
412,0.3625,-0.1299,-0.0226562,19.4562,0.3
413,0.3625,-0.1301,-0.0226562,19.489,0.3
414,0.3624,-0.1301,-0.02265,19.5219,0.3
415,0.3624,-0.1301,-0.02265,19.5546,0.3
416,0.3623,-0.1299,-0.0226438,19.5873,0.3
417,0.3623,-0.1299,-0.0226438,19.62,0.3
418,0.3621,-0.1298,-0.0226312,19.6523,0.3
419,0.362,-0.1298,-0.022625,19.6852,0.3
420,0.3618,-0.1294,-0.0226125,19.7171,0.3
421,0.3616,-0.1293,-0.0226,19.7501,0.3
422,0.3614,-0.129,-0.0225875,19.7815,0.3
423,0.3612,-0.1287,-0.022575,19.8148,0.3
424,0.3608,-0.1284,-0.02255,19.8457,0.3
425,0.3606,-0.128,-0.0225375,19.8792,0.3
426,0.3602,-0.1274,-0.0225125,19.9097,0.3
427,0.3599,-0.1271,-0.0224937,19.9433,0.3
428,0.3595,-0.1265,-0.0224687,19.9736,0.3
429,0.3592,-0.126,-0.02245,20.0068,0.3
430,0.3587,-0.1254,-0.0224188,20.0373,0.3
431,0.3583,-0.1249,-0.0223938,20.0702,0.3
432,0.3578,-0.1241,-0.0223625,20.1008,0.3
433,0.3574,-0.1235,-0.0223375,20.1333,0.3
434,0.3568,-0.1227,-0.0223,20.1638,0.3
435,0.3563,-0.1221,-0.0222688,20.1963,0.3
436,0.3557,-0.1212,-0.0222313,20.2266,0.3
437,0.3551,-0.1204,-0.0221938,20.259,0.3
438,0.3539,-0.1194,-0.0221187,20.3215,0.3
439,0.3532,-0.1185,-0.022075,20.3514,0.3
440,0.3525,-0.1166,-0.0220312,20.3837,0.3
441,0.3518,-0.1155,-0.0219875,20.4134,0.3
442,0.3511,-0.1144,-0.0219438,20.4456,0.3
443,0.3503,-0.1134,-0.0218938,20.4752,0.3
444,0.3496,-0.1123,-0.02185,20.5073,0.3
445,0.3487,-0.111,-0.0217938,20.5367,0.3
446,0.3479,-0.1099,-0.0217437,20.5687,0.3
447,0.347,-0.1085,-0.0216875,20.598,0.3
448,0.3462,-0.1073,-0.0216375,20.6299,0.3
449,0.3452,-0.1059,-0.021575,20.659,0.3
450,0.3444,-0.1046,-0.021525,20.6908,0.3
451,0.3434,-0.103,-0.0214625,20.7198,0.3
452,0.3424,-0.1018,-0.0214,20.7515,0.3
453,0.3414,-0.1002,-0.0213375,20.7803,0.3
454,0.3405,-0.0987,-0.0212813,20.812,0.3
455,0.3394,-0.0971,-0.0212125,20.8406,0.3
456,0.3384,-0.0957,-0.02115,20.8722,0.3
457,0.3373,-0.094,-0.0210812,20.9007,0.3
458,0.3362,-0.0924,-0.0210125,20.9321,0.3
459,0.3351,-0.0907,-0.0209438,20.9605,0.3
460,0.3346,-0.089,-0.0209125,20.9918,0.3
461,0.3348,-0.0873,-0.020925,21.02,0.3
462,0.3357,-0.0865,-0.0209812,21.0513,0.3
463,0.3374,-0.0868,-0.0210875,21.0793,0.3
464,0.3401,-0.0882,-0.0212563,21.1106,0.3
465,0.3443,-0.0909,-0.0215187,21.1384,0.3
466,0.3475,-0.0951,-0.0217187,21.1696,0.3
467,0.3518,-0.1016,-0.0219875,21.1972,0.3
468,0.3573,-0.1066,-0.0223313,21.2283,0.3
469,0.3637,-0.1134,-0.0227313,21.2558,0.3
470,0.3712,-0.1219,-0.0232,21.2868,0.3
471,0.379,-0.1319,-0.0236875,21.3142,0.3
472,0.3868,-0.1437,-0.024175,21.3451,0.3
473,0.3946,-0.1559,-0.0246625,21.3724,0.3
474,0.4023,-0.168,-0.0251437,21.403,0.3
475,0.41,-0.1802,-0.025625,21.4303,0.3
476,0.4177,-0.1923,-0.0261063,21.4608,0.3
477,0.4253,-0.2043,-0.0265813,21.488,0.3
478,0.433,-0.2163,-0.0270625,21.5183,0.3
479,0.4405,-0.2282,-0.0275313,21.5455,0.3
480,0.448,-0.2402,-0.028,21.5755,0.3
481,0.4555,-0.2519,-0.0284688,21.6028,0.3
482,0.4629,-0.2637,-0.0289312,21.6325,0.3
483,0.4703,-0.2754,-0.0293937,21.6599,0.3
484,0.4776,-0.2869,-0.02985,21.6893,0.3
485,0.4848,-0.2985,-0.0303,21.7167,0.3
486,0.4921,-0.3099,-0.0307562,21.7459,0.3
487,0.4992,-0.3212,-0.0312,21.7733,0.3
488,0.5063,-0.3326,-0.0316437,21.8021,0.3
489,0.5132,-0.3437,-0.032075,21.8298,0.3
490,0.5202,-0.3548,-0.0325125,21.8582,0.3
491,0.527,-0.3655,-0.0329375,21.886,0.3
492,0.5405,-0.3765,-0.0337812,21.942,0.3
493,0.5472,-0.3871,-0.0342,21.9695,0.3
494,0.5537,-0.4082,-0.0346062,21.9978,0.3
495,0.5601,-0.4187,-0.0350063,22.0249,0.3
496,0.5665,-0.4288,-0.0354063,22.0534,0.3
497,0.5728,-0.4388,-0.0358,22.0799,0.3
498,0.5789,-0.4488,-0.0361812,22.1088,0.3
499,0.585,-0.4587,-0.0365625,22.1348,0.3
500,0.591,-0.4682,-0.0369375,22.1641,0.3
501,0.6026,-0.4777,-0.0376625,22.2192,0.3
502,0.6083,-0.4871,-0.0380187,22.2436,0.3
503,0.6138,-0.5052,-0.0383625,22.2741,0.3
504,0.6192,-0.5141,-0.0387,22.2977,0.3
505,0.6245,-0.5227,-0.0390313,22.3288,0.3
506,0.6297,-0.5312,-0.0393563,22.3515,0.3
507,0.6348,-0.5394,-0.039675,22.3834,0.3
508,0.6398,-0.5476,-0.0399875,22.4054,0.3
509,0.6446,-0.5555,-0.0402875,22.4374,0.3
510,0.6493,-0.5634,-0.0405812,22.4591,0.3
511,0.6538,-0.5709,-0.0408625,22.4911,0.3
512,0.6583,-0.5782,-0.0411437,22.5126,0.3
513,0.6625,-0.5852,-0.0414062,22.5447,0.3
514,0.6667,-0.5923,-0.0416687,22.5658,0.3
515,0.6707,-0.5988,-0.0419187,22.5982,0.3
516,0.6746,-0.6054,-0.0421625,22.6188,0.3
517,0.6783,-0.6116,-0.0423938,22.6513,0.3
518,0.6819,-0.6177,-0.0426187,22.6716,0.3
519,0.6853,-0.6235,-0.0428313,22.704,0.3
520,0.6886,-0.6291,-0.0430375,22.7242,0.3
521,0.6917,-0.6344,-0.0432312,22.7564,0.3
522,0.6947,-0.6396,-0.0434187,22.7766,0.3
523,0.6975,-0.6444,-0.0435938,22.8084,0.3
524,0.7002,-0.6491,-0.0437625,22.8288,0.3
525,0.7027,-0.6535,-0.0439187,22.86,0.3
526,0.705,-0.6577,-0.0440625,22.8806,0.3
527,0.7072,-0.6616,-0.0442,22.9111,0.3
528,0.7092,-0.6652,-0.044325,22.9321,0.3
529,0.7111,-0.6687,-0.0444437,22.9617,0.3
530,0.7128,-0.6718,-0.04455,22.9835,0.3
531,0.7143,-0.6748,-0.0446438,23.0123,0.3
532,0.7156,-0.6774,-0.044725,23.0345,0.3
533,0.7168,-0.6798,-0.0448,23.0628,0.3
534,0.7178,-0.6818,-0.0448625,23.0853,0.3
535,0.7186,-0.6837,-0.0449125,23.1131,0.3
536,0.7193,-0.6852,-0.0449563,23.1359,0.3
537,0.7198,-0.6865,-0.0449875,23.1633,0.3
538,0.7201,-0.6876,-0.0450062,23.1863,0.3
539,0.7202,-0.6884,-0.0450125,23.2133,0.3
540,0.7202,-0.6888,-0.0450125,23.2364,0.3
541,0.7199,-0.689,-0.0449937,23.2631,0.3
542,0.7195,-0.689,-0.0449688,23.2863,0.3
543,0.7189,-0.6885,-0.0449312,23.3128,0.3
544,0.7182,-0.6879,-0.0448875,23.3361,0.3
545,0.7172,-0.6869,-0.044825,23.3622,0.3
546,0.7161,-0.6859,-0.0447562,23.3856,0.3
547,0.7148,-0.6843,-0.044675,23.4114,0.3
548,0.7133,-0.6826,-0.0445813,23.4349,0.3
549,0.7116,-0.6805,-0.044475,23.4605,0.3
550,0.7097,-0.6782,-0.0443562,23.484,0.3
551,0.7077,-0.6755,-0.0442312,23.5093,0.3
552,0.7054,-0.6726,-0.0440875,23.5329,0.3
553,0.703,-0.6694,-0.0439375,23.558,0.3
554,0.7004,-0.6659,-0.043775,23.5816,0.3
555,0.6977,-0.6621,-0.0436062,23.6065,0.3
556,0.6947,-0.658,-0.0434187,23.63,0.3
557,0.6915,-0.6538,-0.0432188,23.6547,0.3
558,0.6889,-0.6491,-0.0430562,23.6783,0.3
559,0.6872,-0.6441,-0.04295,23.7028,0.3
560,0.6865,-0.6401,-0.0429062,23.7264,0.3
561,0.6868,-0.6374,-0.042925,23.7507,0.3
562,0.6875,-0.6363,-0.0429688,23.7743,0.3
563,0.6895,-0.6368,-0.0430938,23.7984,0.3
564,0.6924,-0.6379,-0.043275,23.8219,0.3
565,0.6961,-0.641,-0.0435063,23.8459,0.3
566,0.7007,-0.6455,-0.0437937,23.8694,0.3
567,0.7062,-0.6513,-0.0441375,23.8932,0.3
568,0.7117,-0.6585,-0.0444812,23.9166,0.3
569,0.7171,-0.6671,-0.0448187,23.9403,0.3
570,0.7222,-0.6757,-0.0451375,23.9637,0.3
571,0.7272,-0.6841,-0.04545,23.9872,0.3
572,0.732,-0.6921,-0.04575,24.0105,0.3
573,0.7366,-0.6999,-0.0460375,24.0339,0.3
574,0.741,-0.7074,-0.0463125,24.0571,0.3
575,0.7452,-0.7146,-0.046575,24.0804,0.3
576,0.7493,-0.7215,-0.0468312,24.1036,0.3
577,0.7531,-0.728,-0.0470687,24.1268,0.3
578,0.7567,-0.7344,-0.0472938,24.1498,0.3
579,0.7601,-0.7404,-0.0475062,24.1729,0.3
580,0.7633,-0.746,-0.0477062,24.1959,0.3
581,0.7663,-0.7513,-0.0478937,24.2188,0.3
582,0.7691,-0.7563,-0.0480688,24.2417,0.3
583,0.7717,-0.761,-0.0482313,24.2646,0.3
584,0.7741,-0.7654,-0.0483813,24.2874,0.3
585,0.7781,-0.7694,-0.0486313,24.3329,0.3
586,0.7799,-0.7732,-0.0487438,24.3555,0.3
587,0.7814,-0.7794,-0.0488375,24.3781,0.3
588,0.7826,-0.7823,-0.0489125,24.4007,0.3
589,0.7837,-0.7846,-0.0489812,24.4232,0.3
590,0.7845,-0.7865,-0.0490312,24.4457,0.3
591,0.7851,-0.7882,-0.0490688,24.4682,0.3
592,0.7855,-0.7894,-0.0490937,24.4906,0.3
593,0.7856,-0.7904,-0.0491,24.5129,0.3
594,0.7856,-0.791,-0.0491,24.5352,0.3
595,0.7852,-0.7912,-0.049075,24.5574,0.3
596,0.7847,-0.7912,-0.0490437,24.5796,0.3
597,0.7839,-0.7905,-0.0489938,24.6018,0.3
598,0.7829,-0.7898,-0.0489313,24.6239,0.3
599,0.7817,-0.7885,-0.0488562,24.646,0.3
600,0.7802,-0.7869,-0.0487625,24.668,0.3
601,0.7785,-0.7851,-0.0486562,24.69,0.3
602,0.7766,-0.7827,-0.0485375,24.7119,0.3
603,0.7744,-0.7801,-0.0484,24.7338,0.3
604,0.772,-0.7771,-0.04825,24.7557,0.3
605,0.7693,-0.7737,-0.0480812,24.7775,0.3
606,0.7665,-0.7699,-0.0479062,24.7992,0.3
607,0.7634,-0.7657,-0.0477125,24.8209,0.3
608,0.7565,-0.7613,-0.0472812,24.8642,0.3
609,0.7527,-0.7565,-0.0470438,24.8858,0.3
610,0.7486,-0.7457,-0.0467875,24.9073,0.3
611,0.7444,-0.7398,-0.046525,24.9288,0.3
612,0.7399,-0.7334,-0.0462438,24.9503,0.3
613,0.7302,-0.7268,-0.0456375,24.993,0.3
614,0.7251,-0.7198,-0.0453187,25.0143,0.3
615,0.7197,-0.7046,-0.0449813,25.0356,0.3
616,0.7141,-0.6966,-0.0446312,25.0568,0.3
617,0.7082,-0.6882,-0.0442625,25.078,0.3
618,0.7022,-0.6794,-0.0438875,25.0992,0.3
619,0.6959,-0.6702,-0.0434937,25.1203,0.3
620,0.6894,-0.6609,-0.0430875,25.1413,0.3
621,0.6827,-0.651,-0.0426687,25.1623,0.3
622,0.6687,-0.6409,-0.0417937,25.2042,0.3
623,0.6217,-0.6304,-0.0388563,25.3289,0.3
624,0.5862,-0.6085,-0.0366375,25.4111,0.3
625,0.5768,-0.5351,-0.03605,25.4315,0.3
626,0.5673,-0.4796,-0.0354563,25.452,0.3
627,0.5576,-0.4649,-0.03485,25.4723,0.3
628,0.5377,-0.4501,-0.0336062,25.513,0.3
629,0.5275,-0.4349,-0.0329687,25.5332,0.3
630,0.5172,-0.4038,-0.032325,25.5534,0.3
631,0.5067,-0.3879,-0.0316688,25.5736,0.3
632,0.4853,-0.3718,-0.0303313,25.6138,0.3
633,0.4743,-0.3554,-0.0296437,25.6339,0.3
634,0.4633,-0.3219,-0.0289562,25.6539,0.3
635,0.4521,-0.3048,-0.0282563,25.6738,0.3
636,0.4294,-0.2876,-0.0268375,25.7136,0.3
637,0.4183,-0.2701,-0.0261438,25.7334,0.3
638,0.4084,-0.2346,-0.025525,25.7532,0.3
639,0.3998,-0.2173,-0.0249875,25.773,0.3
640,0.3927,-0.2018,-0.0245437,25.7927,0.3
641,0.3855,-0.1884,-0.0240938,25.8123,0.3
642,0.3795,-0.1773,-0.0237188,25.832,0.3
643,0.3747,-0.166,-0.0234187,25.8516,0.3
644,0.371,-0.1566,-0.0231875,25.8711,0.3
645,0.3665,-0.1491,-0.0229062,25.9101,0.3
646,0.365,-0.1434,-0.0228125,25.9295,0.3
647,0.3634,-0.1363,-0.0227125,25.9489,0.3
648,0.3618,-0.134,-0.0226125,25.9682,0.3
649,0.3601,-0.1315,-0.0225062,25.9875,0.3
650,0.3584,-0.129,-0.0224,26.0068,0.3
651,0.3566,-0.1263,-0.0222875,26.026,0.3
652,0.3548,-0.1237,-0.022175,26.0452,0.3
653,0.3528,-0.1209,-0.02205,26.0643,0.3
654,0.3509,-0.118,-0.0219312,26.0834,0.3
655,0.3489,-0.1149,-0.0218062,26.1025,0.3
656,0.3468,-0.1119,-0.021675,26.1215,0.3
657,0.3447,-0.1088,-0.0215438,26.1405,0.3
658,0.3426,-0.1055,-0.0214125,26.1594,0.3
659,0.3404,-0.1023,-0.021275,26.1783,0.3
660,0.3381,-0.099,-0.0211313,26.1972,0.3
661,0.3358,-0.0955,-0.0209875,26.216,0.3
662,0.3335,-0.0919,-0.0208438,26.2348,0.3
663,0.3312,-0.0884,-0.0207,26.2535,0.3
664,0.3288,-0.0848,-0.02055,26.2723,0.3
665,0.3263,-0.0812,-0.0203937,26.2909,0.3
666,0.3239,-0.0774,-0.0202438,26.3095,0.3
667,0.3213,-0.0735,-0.0200812,26.3281,0.3
668,0.3188,-0.0698,-0.019925,26.3467,0.3
669,0.3162,-0.0657,-0.0197625,26.3652,0.3
670,0.3136,-0.0618,-0.0196,26.3837,0.3
671,0.311,-0.0577,-0.0194375,26.4021,0.3
672,0.3083,-0.0537,-0.0192688,26.4205,0.3
673,0.3057,-0.0496,-0.0191063,26.4389,0.3
674,0.303,-0.0454,-0.0189375,26.4572,0.3
675,0.3002,-0.0413,-0.0187625,26.4754,0.3
676,0.2975,-0.0371,-0.0185937,26.4937,0.3
677,0.2947,-0.0327,-0.0184188,26.5119,0.3
678,0.2919,-0.0285,-0.0182437,26.5301,0.3
679,0.2891,-0.0241,-0.0180688,26.5482,0.3
680,0.2863,-0.0198,-0.0178937,26.5663,0.3
681,0.2835,-0.0154,-0.0177187,26.5844,0.3
682,0.2806,-0.011,-0.0175375,26.6024,0.3
683,0.2778,-0.0066,-0.0173625,26.6204,0.3
684,0.2749,-0.0021,-0.0171812,26.6383,0.3
685,0.272,0.0023,-0.017,26.6562,0.3
686,0.2691,0.0068,-0.0168188,26.6741,0.3
687,0.2662,0.0113,-0.0166375,26.6919,0.3
688,0.2634,0.0159,-0.0164625,26.7097,0.3
689,0.2605,0.0204,-0.0162813,26.7275,0.3
690,0.2576,0.0248,-0.0161,26.7452,0.3
691,0.2547,0.0293,-0.0159187,26.7629,0.3
692,0.2518,0.0338,-0.0157375,26.7806,0.3
693,0.2489,0.0384,-0.0155563,26.7982,0.3
694,0.246,0.0429,-0.015375,26.8157,0.3
695,0.2432,0.0474,-0.0152,26.8333,0.3
696,0.2403,0.052,-0.0150188,26.8508,0.3
697,0.2375,0.0563,-0.0148437,26.8682,0.3
698,0.2346,0.0609,-0.0146625,26.8857,0.3
699,0.229,0.0652,-0.0143125,26.9204,0.3
700,0.2262,0.0698,-0.0141375,26.9377,0.3
701,0.2234,0.0785,-0.0139625,26.955,0.3
702,0.2207,0.0829,-0.0137938,26.9723,0.3
703,0.218,0.0873,-0.013625,26.9895,0.3
704,0.2153,0.0915,-0.0134562,27.0067,0.3
705,0.2126,0.0957,-0.0132875,27.0238,0.3
706,0.2099,0.0999,-0.0131188,27.0409,0.3
707,0.2073,0.1041,-0.0129563,27.058,0.3
708,0.2047,0.1084,-0.0127937,27.075,0.3
709,0.2021,0.1124,-0.0126313,27.092,0.3
710,0.1996,0.1165,-0.012475,27.109,0.3
711,0.1971,0.1206,-0.0123187,27.1259,0.3
712,0.1947,0.1245,-0.0121688,27.1428,0.3
713,0.1899,0.1284,-0.0118688,27.1765,0.3
714,0.1875,0.1321,-0.0117188,27.1933,0.3
715,0.1852,0.1396,-0.011575,27.2101,0.3
716,0.183,0.1434,-0.0114375,27.2268,0.3
717,0.1786,0.147,-0.0111625,27.2601,0.3
718,0.1764,0.1504,-0.011025,27.2767,0.3
719,0.1744,0.1573,-0.0109,27.2933,0.3
720,0.1723,0.1607,-0.0107688,27.3099,0.3
721,0.1685,0.1638,-0.0105313,27.3429,0.3
722,0.1666,0.1671,-0.0104125,27.3593,0.3
723,0.1648,0.1731,-0.0103,27.3757,0.3
724,0.163,0.176,-0.0101875,27.3921,0.3
725,0.1613,0.1788,-0.0100812,27.4085,0.3
726,0.1597,0.1816,-0.00998125,27.4248,0.3
727,0.1581,0.1843,-0.00988125,27.441,0.3
728,0.1566,0.1868,-0.0097875,27.4573,0.3
729,0.1555,0.1893,-0.00971875,27.4735,0.3
730,0.1588,0.1916,-0.009925,27.5058,0.3
731,0.1648,0.1934,-0.0103,27.5219,0.3
732,0.1751,0.1882,-0.0109438,27.538,0.3
733,0.1822,0.1788,-0.0113875,27.554,0.3
734,0.1902,0.1627,-0.0118875,27.57,0.3
735,0.2033,0.1516,-0.0127063,27.5861,0.3
736,0.22,0.1391,-0.01375,27.602,0.3
737,0.2385,0.1187,-0.0149062,27.6179,0.3
738,0.257,0.0926,-0.0160625,27.6338,0.3
739,0.2943,0.0637,-0.0183938,27.6654,0.3
740,0.3129,0.0348,-0.0195563,27.6812,0.3
741,0.3316,-0.0235,-0.020725,27.6969,0.3
742,0.3503,-0.0526,-0.0218938,27.7127,0.3
743,0.369,-0.0818,-0.0230625,27.7283,0.3
744,0.3878,-0.111,-0.0242375,27.7439,0.3
745,0.4065,-0.1402,-0.0254062,27.7596,0.3
746,0.4252,-0.1696,-0.026575,27.7752,0.3
747,0.4438,-0.1988,-0.0277375,27.7907,0.3
748,0.4624,-0.228,-0.0289,27.8062,0.3
749,0.481,-0.2571,-0.0300625,27.8217,0.3
750,0.4995,-0.2862,-0.0312187,27.8371,0.3
751,0.5179,-0.3152,-0.0323688,27.8525,0.3
752,0.5363,-0.3441,-0.0335187,27.8679,0.3
753,0.5546,-0.3729,-0.0346625,27.8832,0.3
754,0.5728,-0.4016,-0.0358,27.8985,0.3
755,0.5908,-0.4302,-0.036925,27.9137,0.3
756,0.6088,-0.4587,-0.03805,27.929,0.3
757,0.6266,-0.4868,-0.0391625,27.9441,0.3
758,0.6443,-0.5149,-0.0402687,27.9593,0.3
759,0.6618,-0.5427,-0.0413625,27.9744,0.3
760,0.6792,-0.5704,-0.04245,27.9895,0.3
761,0.6964,-0.5977,-0.043525,28.0045,0.3
762,0.7135,-0.6249,-0.0445938,28.0196,0.3
763,0.7303,-0.6518,-0.0456437,28.0345,0.3
764,0.747,-0.6785,-0.0466875,28.0495,0.3
765,0.7634,-0.7048,-0.0477125,28.0644,0.3
766,0.7796,-0.7309,-0.048725,28.0793,0.3
767,0.7956,-0.7565,-0.049725,28.0941,0.3
768,0.8113,-0.7818,-0.0507063,28.1089,0.3
769,0.8268,-0.8068,-0.051675,28.1237,0.3
770,0.842,-0.8313,-0.052625,28.1385,0.3
771,0.857,-0.8555,-0.0535625,28.1532,0.3
772,0.8717,-0.8793,-0.0544813,28.1679,0.3
773,0.886,-0.9027,-0.055375,28.1825,0.3
774,0.9001,-0.9257,-0.0562563,28.1971,0.3
775,0.9139,-0.948,-0.0571188,28.2117,0.3
776,0.9274,-0.9701,-0.0579625,28.2263,0.3
777,0.9405,-0.9916,-0.0587813,28.2408,0.3
778,0.9532,-1.0127,-0.059575,28.2552,0.3
779,0.9656,-1.0332,-0.06035,28.2696,0.3
780,0.9776,-1.053,-0.0611,28.2839,0.3
781,0.9892,-1.0724,-0.061825,28.2983,0.3
782,1.0004,-1.0912,-0.062525,28.3125,0.3
783,1.0112,-1.1093,-0.0632,28.3268,0.3
784,1.0216,-1.1268,-0.06385,28.3411,0.3
785,1.0316,-1.1437,-0.064475,28.3553,0.3
786,1.0412,-1.1599,-0.065075,28.3695,0.3
787,1.0503,-1.1755,-0.0656438,28.3837,0.3
788,1.0589,-1.1905,-0.0661812,28.3979,0.3
789,1.0671,-1.2048,-0.0666937,28.4121,0.3
790,1.0748,-1.2182,-0.067175,28.4262,0.3
791,1.0821,-1.231,-0.0676313,28.4403,0.3
792,1.0888,-1.243,-0.06805,28.4544,0.3
793,1.0951,-1.2544,-0.0684437,28.4684,0.3
794,1.1009,-1.2649,-0.0688062,28.4824,0.3
795,1.1061,-1.2748,-0.0691313,28.4964,0.3
796,1.1109,-1.2838,-0.0694312,28.5103,0.3
797,1.1152,-1.2919,-0.0697,28.5243,0.3
798,1.119,-1.2994,-0.0699375,28.5382,0.3
799,1.1222,-1.3062,-0.0701375,28.5521,0.3
800,1.125,-1.3121,-0.0703125,28.566,0.3
801,1.1272,-1.3171,-0.07045,28.5799,0.3
802,1.129,-1.3215,-0.0705625,28.5937,0.3
803,1.1302,-1.3249,-0.0706375,28.6075,0.3
804,1.1315,-1.3277,-0.0707187,28.6213,0.3
805,1.1334,-1.3296,-0.0708375,28.6351,0.3
806,1.1359,-1.3316,-0.0709937,28.6487,0.3
807,1.1396,-1.3346,-0.071225,28.6623,0.3
808,1.1431,-1.3385,-0.0714438,28.6759,0.3
809,1.1475,-1.3443,-0.0717187,28.6894,0.3
810,1.1527,-1.3498,-0.0720438,28.703,0.3
811,1.1583,-1.3566,-0.0723938,28.7165,0.3
812,1.1634,-1.3648,-0.0727125,28.73,0.3
813,1.1679,-1.3735,-0.0729937,28.7436,0.3
814,1.1718,-1.3815,-0.0732375,28.7571,0.3
815,1.1753,-1.3885,-0.0734563,28.7706,0.3
816,1.1781,-1.3946,-0.0736312,28.7841,0.3
817,1.1805,-1.4001,-0.0737813,28.7974,0.3
818,1.1822,-1.4044,-0.0738875,28.8107,0.3
819,1.1835,-1.4082,-0.0739687,28.824,0.3
820,1.1841,-1.4109,-0.0740062,28.8372,0.3
821,1.1842,-1.4129,-0.0740125,28.8505,0.3
822,1.1837,-1.4138,-0.0739812,28.8637,0.3
823,1.1827,-1.414,-0.0739188,28.8769,0.3
824,1.1811,-1.4132,-0.0738188,28.8902,0.3
825,1.1789,-1.4116,-0.0736813,28.9034,0.3
826,1.1762,-1.4091,-0.0735125,28.9166,0.3
827,1.1729,-1.4057,-0.0733063,28.9297,0.3
828,1.169,-1.4015,-0.0730625,28.9429,0.3
829,1.1646,-1.3963,-0.0727875,28.956,0.3
830,1.1596,-1.3902,-0.072475,28.9692,0.3
831,1.154,-1.3834,-0.072125,28.9823,0.3
832,1.1478,-1.3755,-0.0717375,28.9954,0.3
833,1.1411,-1.3668,-0.0713188,29.0084,0.3
834,1.1338,-1.3571,-0.0708625,29.0215,0.3
835,1.126,-1.3466,-0.070375,29.0345,0.3
836,1.1176,-1.3352,-0.06985,29.0475,0.3
837,1.1086,-1.323,-0.0692875,29.0606,0.3
838,1.0991,-1.3099,-0.0686937,29.0735,0.3
839,1.0891,-1.2959,-0.0680687,29.0865,0.3
840,1.0785,-1.281,-0.0674063,29.0995,0.3
841,1.0673,-1.2654,-0.0667062,29.1124,0.3
842,1.0557,-1.2488,-0.0659813,29.1254,0.3
843,1.0435,-1.2313,-0.0652188,29.1381,0.3
844,1.0309,-1.2132,-0.0644312,29.1509,0.3
845,1.0177,-1.1941,-0.0636063,29.1636,0.3
846,1.004,-1.1744,-0.06275,29.1763,0.3
847,0.9899,-1.1538,-0.0618688,29.189,0.3
848,0.9753,-1.1324,-0.0609562,29.2017,0.3
849,0.9602,-1.1104,-0.0600125,29.2144,0.3
850,0.9446,-1.0876,-0.0590375,29.227,0.3
851,0.9286,-1.064,-0.0580375,29.2398,0.3
852,0.9122,-1.0396,-0.0570125,29.2522,0.3
853,0.8953,-1.0146,-0.0559562,29.2647,0.3
854,0.878,-0.989,-0.054875,29.2772,0.3
855,0.8603,-0.9626,-0.0537687,29.2896,0.3
856,0.8422,-0.9355,-0.0526375,29.302,0.3
857,0.8236,-0.9079,-0.051475,29.3144,0.3
858,0.8047,-0.8796,-0.0502937,29.3268,0.3
859,0.7853,-0.8505,-0.0490812,29.3392,0.3
860,0.7656,-0.821,-0.04785,29.3515,0.3
861,0.7455,-0.7907,-0.0465938,29.3638,0.3
862,0.725,-0.7599,-0.0453125,29.3761,0.3
863,0.7041,-0.7285,-0.0440062,29.3884,0.3
864,0.683,-0.6965,-0.0426875,29.4006,0.3
865,0.6614,-0.6638,-0.0413375,29.4129,0.3
866,0.6396,-0.6309,-0.039975,29.425,0.3
867,0.6174,-0.5971,-0.0385875,29.4372,0.3
868,0.5949,-0.563,-0.0371812,29.4493,0.3
869,0.5722,-0.5284,-0.0357625,29.4615,0.3
870,0.5491,-0.4932,-0.0343188,29.4735,0.3
871,0.5274,-0.4577,-0.0329625,29.4856,0.3
872,0.5023,-0.4216,-0.0313937,29.5097,0.3
873,0.4719,-0.3877,-0.0294937,29.5336,0.3
874,0.4618,-0.3485,-0.0288625,29.5455,0.3
875,0.4618,-0.3485,-0.0288625,29.5455,0.3
876,0.4544,-0.2852,-0.0284,29.5574,0.3
877,0.4445,-0.2852,-0.0277813,29.5811,0.3
878,0.44,-0.2737,-0.0275,29.5929,0.3
879,0.4354,-0.2582,-0.0272125,29.6047,0.3
880,0.4306,-0.2512,-0.0269125,29.6165,0.3
881,0.4257,-0.244,-0.0266063,29.6282,0.3
882,0.4206,-0.2365,-0.0262875,29.64,0.3
883,0.4154,-0.2288,-0.0259625,29.6517,0.3
884,0.41,-0.2209,-0.025625,29.6633,0.3
885,0.4045,-0.2127,-0.0252813,29.675,0.3
886,0.3988,-0.2043,-0.024925,29.6866,0.3
887,0.393,-0.1957,-0.0245625,29.6982,0.3
888,0.3871,-0.1868,-0.0241937,29.7098,0.3
889,0.3686,-0.1777,-0.0230375,29.7443,0.3
890,0.3623,-0.1685,-0.0226438,29.7558,0.3
891,0.3558,-0.1396,-0.0222375,29.7672,0.3
892,0.3492,-0.1298,-0.021825,29.7787,0.3
893,0.3426,-0.1196,-0.0214125,29.7901,0.3
894,0.3358,-0.1093,-0.0209875,29.8014,0.3
895,0.329,-0.099,-0.0205625,29.8128,0.3
896,0.3221,-0.0884,-0.0201312,29.8241,0.3
897,0.3151,-0.0777,-0.0196937,29.8354,0.3
898,0.3081,-0.0669,-0.0192562,29.8467,0.3
899,0.301,-0.056,-0.0188125,29.858,0.3
900,0.2939,-0.0451,-0.0183687,29.8692,0.3
901,0.2867,-0.034,-0.0179188,29.8804,0.3
902,0.2794,-0.0229,-0.0174625,29.8916,0.3
903,0.2722,-0.0116,-0.0170125,29.9028,0.3
904,0.2648,-0.0002,-0.01655,29.9139,0.3
905,0.2575,0.011,-0.0160938,29.925,0.3
906,0.2501,0.0226,-0.0156312,29.9361,0.3
907,0.2427,0.034,-0.0151687,29.9472,0.3
908,0.2353,0.0456,-0.0147063,29.9582,0.3
909,0.2279,0.0571,-0.0142437,29.9693,0.3
910,0.2205,0.0687,-0.0137813,29.9803,0.3
911,0.213,0.0802,-0.0133125,29.9912,0.3
912,0.2056,0.0918,-0.01285,30.0022,0.3
913,0.1982,0.1035,-0.0123875,30.0131,0.3
914,0.1908,0.1151,-0.011925,30.024,0.3
915,0.1834,0.1266,-0.0114625,30.0349,0.3
916,0.1761,0.1382,-0.0110063,30.0458,0.3
917,0.1688,0.1498,-0.01055,30.0566,0.3
918,0.1615,0.1612,-0.0100938,30.0675,0.3
919,0.1542,0.1726,-0.0096375,30.0782,0.3
920,0.147,0.184,-0.0091875,30.089,0.3
921,0.1399,0.1954,-0.00874375,30.0998,0.3
922,0.1328,0.2066,-0.0083,30.1105,0.3
923,0.1258,0.2177,-0.0078625,30.1212,0.3
924,0.1188,0.2288,-0.007425,30.1319,0.3
925,0.1119,0.2398,-0.00699375,30.1425,0.3
926,0.1051,0.2507,-0.00656875,30.1532,0.3
927,0.0983,0.2615,-0.00614375,30.1638,0.3
928,0.0917,0.2721,-0.00573125,30.1744,0.3
929,0.0851,0.2827,-0.00531875,30.185,0.3
930,0.0786,0.2931,-0.0049125,30.1955,0.3
931,0.0723,0.3034,-0.00451875,30.206,0.3
932,0.066,0.3135,-0.004125,30.2165,0.3
933,0.0599,0.3234,-0.00374375,30.227,0.3
934,0.0538,0.3332,-0.0033625,30.2375,0.3
935,0.0479,0.3427,-0.00299375,30.2479,0.3
936,0.0421,0.3523,-0.00263125,30.2583,0.3
937,0.0365,0.3615,-0.00228125,30.2687,0.3
938,0.0309,0.3706,-0.00193125,30.279,0.3
939,0.0255,0.3793,-0.00159375,30.2894,0.3
940,0.0203,0.3881,-0.00126875,30.2997,0.3
941,0.0152,0.3965,-0.00095,30.3101,0.3
942,0.0102,0.4046,-0.0006375,30.3203,0.3
943,0.0054,0.4126,-0.0003375,30.3306,0.3
944,0.0008,0.4204,-5e-05,30.3408,0.3
945,-0.0037,0.4279,0.00023125,30.351,0.3
946,-0.008,0.4351,0.0005,30.3612,0.3
947,-0.0121,0.4421,0.00075625,30.3714,0.3
948,-0.0161,0.4488,0.00100625,30.3816,0.3
949,-0.0198,0.4552,0.0012375,30.3917,0.3
950,-0.0234,0.4615,0.0014625,30.4018,0.3
951,-0.0268,0.4673,0.001675,30.4119,0.3
952,-0.0301,0.4729,0.00188125,30.422,0.3
953,-0.0331,0.4782,0.00206875,30.432,0.3
954,-0.0359,0.4834,0.00224375,30.442,0.3
955,-0.0386,0.4881,0.0024125,30.452,0.3
956,-0.041,0.4924,0.0025625,30.462,0.3
957,-0.0432,0.4966,0.0027,30.472,0.3
958,-0.0453,0.5004,0.00283125,30.4819,0.3
959,-0.0471,0.5038,0.00294375,30.4918,0.3
960,-0.0486,0.5071,0.0030375,30.5017,0.3
961,-0.0498,0.5099,0.0031125,30.5116,0.3
962,0.0573,0.5123,-0.00358125,30.5215,0.3
963,0.0814,0.5141,-0.0050875,30.5313,0.3
964,0.1241,0.3468,-0.00775625,30.5412,0.3
965,0.085,0.3091,-0.0053125,30.551,0.3
966,0.0209,0.2424,-0.00130625,30.5608,0.3
967,0.0216,0.3035,-0.00135,30.5706,0.3
968,0.051,0.4037,-0.0031875,30.5804,0.3
969,0.0805,0.4026,-0.00503125,30.5901,0.3
970,0.1101,0.3566,-0.00688125,30.5998,0.3
971,0.14,0.3106,-0.00875,30.6095,0.3
972,0.17,0.2643,-0.010625,30.6192,0.3
973,0.2002,0.2176,-0.0125125,30.6289,0.3
974,0.2305,0.1707,-0.0144063,30.6385,0.3
975,0.2609,0.1235,-0.0163063,30.6481,0.3
976,0.2914,0.0762,-0.0182125,30.6577,0.3
977,0.322,0.0287,-0.020125,30.6673,0.3
978,0.3527,-0.019,-0.0220438,30.6768,0.3
979,0.3834,-0.0668,-0.0239625,30.6864,0.3
980,0.4142,-0.1148,-0.0258875,30.6959,0.3
981,0.445,-0.1627,-0.0278125,30.7054,0.3
982,0.4758,-0.2109,-0.0297375,30.7148,0.3
983,0.5066,-0.259,-0.0316625,30.7242,0.3
984,0.5373,-0.3071,-0.0335812,30.7336,0.3
985,0.568,-0.3552,-0.0355,30.743,0.3
986,0.5986,-0.4032,-0.0374125,30.7523,0.3
987,0.6292,-0.4512,-0.039325,30.7617,0.3
988,0.6596,-0.499,-0.041225,30.771,0.3
989,0.6899,-0.5468,-0.0431187,30.7803,0.3
990,0.7201,-0.5943,-0.0450062,30.7895,0.3
991,0.7501,-0.6416,-0.0468812,30.7987,0.3
992,0.7799,-0.6888,-0.0487438,30.8078,0.3
993,0.8095,-0.7357,-0.0505937,30.817,0.3
994,0.8389,-0.7823,-0.0524312,30.8261,0.3
995,0.868,-0.8285,-0.05425,30.8352,0.3
996,0.8968,-0.8744,-0.05605,30.8442,0.3
997,0.9254,-0.9199,-0.0578375,30.8534,0.3
998,0.9536,-0.9649,-0.0596,30.8622,0.3
999,0.9815,-1.0096,-0.0613438,30.871,0.3
1000,1.009,-1.0537,-0.0630625,30.8795,0.3
1001,1.0361,-1.0973,-0.0647563,30.8881,0.3
1002,1.0627,-1.1402,-0.0664187,30.8967,0.3
1003,1.089,-1.1826,-0.0680625,30.9053,0.3
1004,1.1148,-1.2241,-0.069675,30.9138,0.3
1005,1.1401,-1.2652,-0.0712562,30.9224,0.3
1006,1.1649,-1.3055,-0.0728063,30.931,0.3
1007,1.2129,-1.3451,-0.0758063,30.9483,0.3
1008,1.2361,-1.3838,-0.0772562,30.957,0.3
1009,1.2587,-1.4588,-0.0786687,30.9652,0.3
1010,1.2807,-1.4951,-0.0800437,30.9735,0.3
1011,1.3021,-1.5304,-0.0813813,30.9817,0.3
1012,1.3229,-1.5648,-0.0826812,30.99,0.3
1013,1.3438,-1.5982,-0.0839875,30.9982,0.3
1014,1.3672,-1.6307,-0.08545,31.0065,0.3
1015,1.3928,-1.6634,-0.08705,31.0147,0.3
1016,1.4209,-1.6999,-0.0888063,31.023,0.3
1017,1.4512,-1.7399,-0.0907,31.0313,0.3
1018,1.484,-1.7838,-0.09275,31.0395,0.3
1019,1.5166,-1.8312,-0.0947875,31.0477,0.3
1020,1.5485,-1.8824,-0.0967812,31.0559,0.3
1021,1.5797,-1.9334,-0.0987313,31.0641,0.3
1022,1.61,-1.9832,-0.100625,31.0722,0.3
1023,1.6395,-2.0319,-0.102469,31.0803,0.3
1024,1.6681,-2.0793,-0.104256,31.0884,0.3
1025,1.6959,-2.1254,-0.105994,31.0964,0.3
1026,1.7227,-2.1701,-0.107669,31.1045,0.3
1027,1.7487,-2.2135,-0.109294,31.1125,0.3
1028,1.7737,-2.2554,-0.110856,31.1205,0.3
1029,1.7978,-2.296,-0.112363,31.1285,0.3
1030,1.8209,-2.3351,-0.113806,31.1365,0.3
1031,1.843,-2.3727,-0.115187,31.1445,0.3
1032,1.8641,-2.4088,-0.116506,31.1524,0.3
1033,1.8842,-2.4434,-0.117763,31.1604,0.3
1034,1.9032,-2.4763,-0.11895,31.1683,0.3
1035,1.9211,-2.5077,-0.120069,31.1763,0.3
1036,1.938,-2.5374,-0.121125,31.1842,0.3
1037,1.9538,-2.5654,-0.122112,31.1921,0.3
1038,1.9684,-2.5918,-0.123025,31.2,0.3
1039,1.982,-2.6165,-0.123875,31.208,0.3
1040,1.9943,-2.6393,-0.124644,31.2159,0.3
1041,2.0055,-2.6605,-0.125344,31.2239,0.3
1042,2.0156,-2.6798,-0.125975,31.2315,0.3
1043,2.0244,-2.6973,-0.126525,31.2393,0.3
1044,2.0321,-2.713,-0.127006,31.247,0.3
1045,2.0385,-2.7268,-0.127406,31.2547,0.3
1046,2.0437,-2.7388,-0.127731,31.2625,0.3
1047,2.0477,-2.7488,-0.127981,31.2702,0.3
1048,2.0504,-2.7569,-0.12815,31.278,0.3
1049,2.0519,-2.7632,-0.128244,31.2859,0.3
1050,2.0521,-2.7674,-0.128256,31.2938,0.3
1051,2.0511,-2.7698,-0.128194,31.3018,0.3
1052,2.0452,-2.7701,-0.127825,31.3172,0.3
1053,2.0404,-2.7685,-0.127525,31.3249,0.3
1054,2.0342,-2.7593,-0.127137,31.3327,0.3
1055,2.0268,-2.7518,-0.126675,31.3404,0.3
1056,2.0181,-2.7421,-0.126131,31.3482,0.3
1057,2.0082,-2.7305,-0.125512,31.356,0.3
1058,1.9969,-2.717,-0.124806,31.3639,0.3
1059,1.9844,-2.7015,-0.124025,31.3717,0.3
1060,1.9706,-2.6838,-0.123162,31.3796,0.3
1061,1.9564,-2.6643,-0.122275,31.3875,0.3
1062,1.9519,-2.6427,-0.121994,31.3955,0.3
1063,1.962,-2.6205,-0.122625,31.4034,0.3
1064,1.9453,-2.6135,-0.121581,31.4114,0.3
1065,1.9486,-2.6293,-0.121788,31.4193,0.3
1066,1.9546,-2.6032,-0.122162,31.4272,0.3
1067,1.9624,-2.6084,-0.12265,31.4351,0.3
1068,1.9714,-2.6177,-0.123213,31.443,0.3
1069,1.9807,-2.6299,-0.123794,31.4509,0.3
1070,1.9888,-2.644,-0.1243,31.4588,0.3
1071,1.9957,-2.6585,-0.124731,31.4666,0.3
1072,2.0012,-2.6712,-0.125075,31.4744,0.3
1073,2.0055,-2.682,-0.125344,31.4822,0.3
1074,2.0085,-2.6905,-0.125531,31.4901,0.3
1075,2.0102,-2.6973,-0.125638,31.4979,0.3
1076,2.0105,-2.702,-0.125656,31.5057,0.3
1077,2.0096,-2.7046,-0.1256,31.5135,0.3
1078,2.0074,-2.7051,-0.125463,31.5213,0.3
1079,2.0039,-2.7037,-0.125244,31.5291,0.3
1080,1.999,-2.7002,-0.124938,31.5369,0.3
1081,1.9929,-2.6948,-0.124556,31.5447,0.3
1082,1.9854,-2.6871,-0.124088,31.5526,0.3
1083,1.9767,-2.6776,-0.123544,31.5604,0.3
1084,1.9667,-2.6659,-0.122919,31.5683,0.3
1085,1.9553,-2.6523,-0.122206,31.5761,0.3
1086,1.9287,-2.6366,-0.120544,31.5919,0.3
1087,1.9135,-2.6188,-0.119594,31.5998,0.3
1088,1.897,-2.5773,-0.118563,31.6077,0.3
1089,1.8792,-2.5535,-0.11745,31.6158,0.3
1090,1.8602,-2.5277,-0.116263,31.6235,0.3
1091,1.8399,-2.4999,-0.114994,31.6312,0.3
1092,1.8183,-2.4702,-0.113644,31.6389,0.3
1093,1.7955,-2.4385,-0.112219,31.6467,0.3
1094,1.7715,-2.4048,-0.110719,31.6545,0.3
1095,1.7198,-2.3691,-0.107487,31.6701,0.3
1096,1.6921,-2.3316,-0.105756,31.678,0.3
1097,1.6633,-2.2509,-0.103956,31.6859,0.3
1098,1.6333,-2.2076,-0.102081,31.6941,0.3
1099,1.6022,-2.1626,-0.100138,31.7019,0.3
1100,1.57,-2.1157,-0.098125,31.7095,0.3
1101,1.5366,-2.0671,-0.0960375,31.7169,0.3
1102,1.5023,-2.0168,-0.0938937,31.7244,0.3
1103,1.4668,-1.9646,-0.091675,31.7318,0.3
1104,1.4304,-1.911,-0.0894,31.7393,0.3
1105,1.3929,-1.8555,-0.0870563,31.7468,0.3
1106,1.3545,-1.7987,-0.0846563,31.7544,0.3
1107,1.3151,-1.7401,-0.0821937,31.762,0.3
1108,1.2748,-1.6801,-0.079675,31.7696,0.3
1109,1.2336,-1.6185,-0.0771,31.777,0.3
1110,1.1915,-1.5555,-0.0744688,31.7845,0.3
1111,1.1485,-1.4912,-0.0717813,31.7917,0.3
1112,1.1048,-1.4254,-0.06905,31.799,0.3
1113,1.0602,-1.3582,-0.0662625,31.8063,0.3
1114,1.0148,-1.2899,-0.063425,31.8136,0.3
1115,0.9687,-1.2202,-0.0605438,31.8209,0.3
1116,0.9219,-1.1493,-0.0576188,31.8281,0.3
1117,0.8743,-1.0773,-0.0546437,31.8354,0.3
1118,0.8261,-1.0041,-0.0516312,31.8427,0.3
1119,0.7773,-0.9298,-0.0485812,31.8499,0.3
1120,0.7278,-0.8544,-0.0454875,31.8571,0.3
1121,0.6778,-0.7782,-0.0423625,31.8644,0.3
1122,0.6272,-0.7009,-0.0392,31.8715,0.3
1123,0.5761,-0.6227,-0.0360062,31.8787,0.3
1124,0.5245,-0.5437,-0.0327812,31.8858,0.3
1125,0.4724,-0.4638,-0.029525,31.893,0.3
1126,0.42,-0.3832,-0.02625,31.9,0.3
1127,0.3671,-0.3018,-0.0229437,31.9071,0.3
1128,0.3139,-0.2199,-0.0196188,31.9141,0.3
1129,0.2604,-0.1373,-0.016275,31.9211,0.3
1130,0.2066,-0.0541,-0.0129125,31.928,0.3
1131,0.1526,0.0295,-0.0095375,31.935,0.3
1132,0.0983,0.1135,-0.00614375,31.9419,0.3
1133,0.044,0.1979,-0.00275,31.9487,0.3
1134,-0.0105,0.2827,0.00065625,31.9556,0.3
1135,-0.0651,0.3676,0.00406875,31.9624,0.3
1136,-0.1198,0.4527,0.0074875,31.9691,0.3
1137,-0.1745,0.5381,0.0109062,31.9758,0.3
1138,-0.2291,0.6235,0.0143187,31.9825,0.3
1139,-0.2836,0.709,0.017725,31.9892,0.3
1140,-0.3381,0.7943,0.0211313,31.9958,0.3
1141,-0.3924,0.8795,0.024525,32.0023,0.3
1142,-0.4465,0.9646,0.0279063,32.0088,0.3
1143,-0.5004,1.0495,0.031275,32.0153,0.3
1144,-0.554,1.134,0.034625,32.0218,0.3
1145,-0.6071,1.2182,0.0379437,32.0281,0.3
1146,-0.6589,1.302,0.0411813,32.0345,0.3
1147,-0.7103,1.3849,0.0443938,32.0408,0.3
1148,-0.7637,1.4659,0.0477313,32.047,0.3
1149,-0.7947,1.5462,0.0496687,32.0532,0.3
1150,-0.8259,1.6296,0.0516187,32.0594,0.3
1151,-0.8461,1.6781,0.0528812,32.0656,0.3
1152,-0.864,1.7268,0.054,32.0717,0.3
1153,-0.8813,1.7584,0.0550812,32.0779,0.3
1154,-0.9139,1.7863,0.0571188,32.0902,0.3
1155,-0.9292,1.8134,0.058075,32.0964,0.3
1156,-0.9437,1.8643,0.0589812,32.1025,0.3
1157,-0.9575,1.8882,0.0598438,32.1087,0.3
1158,-0.9575,1.8882,0.0598438,32.1087,0.3
1159,-0.9828,1.9324,0.061425,32.1209,0.3
1160,-0.9942,1.9324,0.0621375,32.127,0.3
1161,-1.0048,1.972,0.0628,32.1331,0.3
1162,-1.0146,1.9898,0.0634125,32.1392,0.3
1163,-1.0146,1.9898,0.0634125,32.1392,0.3
1164,-1.0235,2.0216,0.0639688,32.1453,0.3
1165,-1.0314,2.0216,0.0644625,32.1514,0.3
1166,-1.0385,2.0356,0.0649062,32.1575,0.3
1167,-1.0446,2.0479,0.0652875,32.1636,0.3
1168,-1.0498,2.059,0.0656125,32.1697,0.3
1169,-1.054,2.0685,0.065875,32.1758,0.3
1170,-1.0573,2.0766,0.0660812,32.1819,0.3
1171,-1.0596,2.0832,0.066225,32.1881,0.3
1172,-1.0609,2.0884,0.0663062,32.1942,0.3
1173,-1.0612,2.092,0.066325,32.2003,0.3
1174,-1.0604,2.094,0.066275,32.2065,0.3
1175,-1.0587,2.0945,0.0661687,32.2127,0.3
1176,-1.056,2.0932,0.066,32.2188,0.3
1177,-1.0523,2.0906,0.0657688,32.2249,0.3
1178,-1.0475,2.0863,0.0654688,32.2312,0.3
1179,-1.0418,2.0806,0.0651125,32.2374,0.3
1180,-1.0351,2.0731,0.0646937,32.2435,0.3
1181,-1.0273,2.0641,0.0642063,32.2496,0.3
1182,-1.0185,2.0537,0.0636562,32.2557,0.3
1183,-1.0087,2.0415,0.0630437,32.2617,0.3
1184,-0.9912,2.0277,0.06195,32.2678,0.3
1185,-0.96,2.0124,0.06,32.2739,0.3
1186,-0.9133,1.9851,0.0570813,32.28,0.3
1187,-0.8594,1.9363,0.0537125,32.2861,0.3
1188,-0.8027,1.8634,0.0501687,32.2924,0.3
1189,-0.6863,1.7791,0.0428938,32.3047,0.3
1190,-0.6267,1.6906,0.0391688,32.3108,0.3
1191,-0.5663,1.5087,0.0353938,32.3171,0.3
1192,-0.5663,1.5087,0.0353938,32.3171,0.3
1193,-0.5051,1.3212,0.0315687,32.3233,0.3
1194,-0.4431,1.3212,0.0276937,32.3296,0.3
1195,-0.3803,1.2256,0.0237688,32.3358,0.3
1196,-0.3168,1.1287,0.0198,32.342,0.3
1197,-0.2525,1.0306,0.0157813,32.3482,0.3
1198,-0.1877,0.9313,0.0117313,32.3545,0.3
1199,-0.1221,0.8309,0.00763125,32.3607,0.3
1200,-0.056,0.7296,0.0035,32.3668,0.3
1201,0.0106,0.6271,-0.0006625,32.373,0.3
1202,0.0778,0.5238,-0.0048625,32.3791,0.3
1203,0.1455,0.4198,-0.00909375,32.3852,0.3
1204,0.2136,0.3148,-0.01335,32.3912,0.3
1205,0.282,0.209,-0.017625,32.3973,0.3
1206,0.3508,0.1026,-0.021925,32.4033,0.3
1207,0.4199,-0.0043,-0.0262437,32.4092,0.3
1208,0.4893,-0.1118,-0.0305813,32.4151,0.3
1209,0.5589,-0.2198,-0.0349312,32.4209,0.3
1210,0.6286,-0.3282,-0.0392875,32.4268,0.3
1211,0.6984,-0.4369,-0.04365,32.4325,0.3
1212,0.7683,-0.5459,-0.0480187,32.4382,0.3
1213,0.8382,-0.6549,-0.0523875,32.4439,0.3
1214,0.908,-0.7641,-0.05675,32.4493,0.3
1215,0.9777,-0.8734,-0.0611063,32.4542,0.3
1216,1.0472,-0.9824,-0.06545,32.4592,0.3
1217,1.1165,-1.0913,-0.0697813,32.4641,0.3
1218,1.1855,-1.1999,-0.0740937,32.4687,0.3
1219,1.3226,-1.3082,-0.0826625,32.4782,0.3
1220,1.3905,-1.416,-0.0869063,32.4826,0.3
1221,1.458,-1.6302,-0.091125,32.4871,0.3
1222,1.458,-1.6302,-0.091125,32.4871,0.3
1223,1.5249,-1.8418,-0.0953062,32.4915,0.3
1224,1.5912,-1.8418,-0.09945,32.4959,0.3
1225,1.6569,-1.9463,-0.103556,32.4999,0.3
1226,1.7219,-2.0499,-0.107619,32.5037,0.3
1227,1.7861,-2.1526,-0.111631,32.5076,0.3
1228,1.8496,-2.2541,-0.1156,32.5113,0.3
1229,1.9122,-2.3545,-0.119512,32.5152,0.3
1230,1.9739,-2.4537,-0.123369,32.519,0.3
1231,2.0349,-2.5515,-0.127181,32.5224,0.3
1232,2.0007,-2.6479,-0.125044,32.5259,0.3
1233,2.2827,-2.7432,-0.142669,32.5294,0.3
1234,2.2517,-2.6898,-0.140731,32.5331,0.3
1235,2.342,-3.1304,-0.146375,32.5352,0.3
1236,2.4296,-3.0819,-0.15185,32.5369,0.3
1237,2.5317,-3.223,-0.158231,32.539,0.3
1238,2.6341,-3.3599,-0.164631,32.5402,0.3
1239,2.7351,-3.5194,-0.170944,32.5417,0.3
1240,2.8347,-3.6794,-0.177169,32.5431,0.3
1241,2.9327,-3.8373,-0.183294,32.5445,0.3
1242,3.0291,-3.9929,-0.189319,32.5459,0.3
1243,3.1238,-4.146,-0.195238,32.5474,0.3
1244,3.2168,-4.2966,-0.20105,32.5494,0.3
1245,3.308,-4.4446,-0.20675,32.5517,0.3
1246,3.3972,-4.5899,-0.212325,32.5522,0.3
1247,3.4844,-4.7324,-0.217775,32.5533,0.3
1248,3.569,-4.8718,-0.223062,32.5503,0.3
1249,3.6506,-5.008,-0.228162,32.514,0.3
1250,3.7293,-5.1402,-0.233081,32.5274,0.3
1251,3.8047,-5.2677,-0.237794,32.463,0.3
1252,3.8772,-5.3907,-0.242325,32.5136,0.3
1253,3.9464,-5.5085,-0.24665,32.403,0.3
1254,4.0126,-5.6218,-0.250787,32.488,0.3
1255,4.0754,-5.7299,-0.254713,32.3346,0.3
1256,4.1352,-5.8334,-0.25845,32.4268,0.3
1257,4.1915,-5.9315,-0.261969,32.2625,0.3
1258,4.2448,-6.0249,-0.2653,32.3489,0.3
1259,4.2941,-6.1129,-0.268381,32.1401,0.3
1260,4.3403,-6.1962,-0.271269,32.3398,0.3
1261,4.3824,-6.2732,-0.2739,32.0493,0.3
1262,4.4213,-6.3454,-0.276331,32.3614,0.3
1263,4.4562,-6.4112,-0.278512,32.1032,0.3
1264,4.4869,-6.4719,-0.280431,32.4871,0.3
1265,4.5131,-6.5265,-0.282069,32.1717,0.3
1266,4.5359,-6.5744,-0.283494,32.4325,0.3
1267,4.5553,-6.6154,-0.284706,32.1697,0.3
1268,4.5716,-6.651,-0.285725,32.335,0.3
1269,4.7793,-6.6813,-0.298706,32.2187,0.3
1270,4.6761,-6.7068,-0.292256,32.2751,0.3
1271,4.6418,-7.0313,-0.290112,32.2227,0.3
1272,4.6644,-6.8701,-0.291525,32.2309,0.3
1273,4.6929,-6.8165,-0.293306,32.2149,0.3
1274,4.7227,-6.8518,-0.295169,32.2099,0.3
1275,4.7529,-6.8963,-0.297056,32.1999,0.3
1276,4.7798,-6.9429,-0.298737,32.3805,0.3
1277,4.8022,-6.9901,-0.300138,32.4827,0.3
1278,4.821,-7.0321,-0.301312,32.3817,0.3
1279,4.8367,-7.0671,-0.302294,32.4343,0.3
1280,4.8491,-7.0965,-0.303069,32.4239,0.3
1281,4.8583,-7.121,-0.303644,32.4253,0.3
1282,4.8644,-7.1404,-0.304025,32.4242,0.3
1283,4.8674,-7.1548,-0.304212,32.4238,0.3
1284,4.8672,-7.1643,-0.3042,32.4241,0.3
1285,4.8639,-7.169,-0.303994,32.4271,0.3
1286,4.8575,-7.1687,-0.303594,32.4261,0.3
1287,4.8481,-7.1635,-0.303006,32.417,0.3
1288,4.8265,-7.1535,-0.301656,32.3971,0.3
1289,4.7987,-7.1388,-0.299919,32.4528,0.3
1290,4.7704,-7.1051,-0.29815,32.4858,0.3
1291,4.7704,-7.1051,-0.29815,32.4858,0.3
1292,4.7388,-7.0174,-0.296175,32.473,0.3
1293,4.7042,-7.0174,-0.294013,32.4615,0.3
1294,4.6661,-6.968,-0.291631,32.5032,0.3
1295,4.6245,-6.914,-0.289031,32.5177,0.3
1296,4.5795,-6.8545,-0.286219,32.5866,0.3
1297,4.5313,-6.7894,-0.283206,32.5588,0.3
1298,4.4798,-6.7191,-0.279988,32.5997,0.3
1299,4.4254,-6.6438,-0.276587,32.5922,0.3
1300,4.3681,-6.5634,-0.273006,32.6127,0.3
1301,4.3081,-6.4784,-0.269256,32.622,0.3
1302,4.2453,-6.3888,-0.265331,32.6437,0.3
1303,4.1796,-6.2951,-0.261225,32.6551,0.3
1304,4.1128,-6.1969,-0.25705,32.7179,0.3
1305,4.041,-6.0943,-0.252563,32.6861,0.3
1306,3.9664,-5.9899,-0.2479,32.744,0.3
1307,3.8894,-5.8777,-0.243088,32.714,0.3
1308,3.8099,-5.7612,-0.238119,32.7562,0.3
1309,3.7283,-5.6409,-0.233019,32.7436,0.3
1310,3.6447,-5.5166,-0.227794,32.7592,0.3
1311,3.559,-5.3891,-0.222438,32.7754,0.3
1312,3.4713,-5.2585,-0.216956,32.7722,0.3
1313,3.3816,-5.1246,-0.21135,32.7829,0.3
1314,3.2898,-4.9876,-0.205613,32.7864,0.3
1315,3.1959,-4.8474,-0.199744,32.7931,0.3
1316,3.1,-4.704,-0.19375,32.7996,0.3
1317,3.0021,-4.5573,-0.187631,32.8062,0.3
1318,2.8003,-4.4074,-0.175019,32.8225,0.3
1319,2.5906,-4.2544,-0.161912,32.8374,0.3
1320,2.5906,-4.2544,-0.161912,32.8374,0.3
1321,2.4828,-3.6115,-0.155175,32.8455,0.3
1322,2.374,-3.6115,-0.148375,32.8534,0.3
1323,2.2704,-3.443,-0.1419,32.8616,0.3
1324,2.174,-3.273,-0.135875,32.8696,0.3
1325,2.0793,-3.1112,-0.129956,32.8771,0.3
1326,2.0098,-2.9605,-0.125612,32.8861,0.3
1327,1.9802,-2.8126,-0.123762,32.892,0.3
1328,1.8669,-2.704,-0.116681,32.8983,0.3
1329,1.8169,-2.6577,-0.113556,32.9041,0.3
1330,1.7658,-2.4807,-0.110363,32.9101,0.3
1331,1.7132,-2.4026,-0.107075,32.916,0.3
1332,1.659,-2.3227,-0.103688,32.9221,0.3
1333,1.6035,-2.2405,-0.100219,32.9282,0.3
1334,1.5465,-2.1559,-0.0966562,32.9345,0.3
1335,1.4881,-2.0691,-0.0930062,32.9407,0.3
1336,1.4284,-1.9801,-0.089275,32.9476,0.3
1337,1.3673,-1.8888,-0.0854562,32.9536,0.3
1338,1.305,-1.7955,-0.0815625,32.9599,0.3
1339,1.2415,-1.7001,-0.0775938,32.9663,0.3
1340,1.1769,-1.6027,-0.0735563,32.9716,0.3
1341,1.1112,-1.5035,-0.06945,32.9772,0.3
1342,1.0444,-1.4026,-0.065275,32.9823,0.3
1343,0.9766,-1.2999,-0.0610375,32.9876,0.3
1344,0.9078,-1.1955,-0.0567375,32.9927,0.3
1345,0.8382,-1.0896,-0.0523875,32.9979,0.3
1346,0.7677,-0.9821,-0.0479813,33.0031,0.3
1347,0.6964,-0.8734,-0.043525,33.0084,0.3
1348,0.6244,-0.7632,-0.039025,33.014,0.3
1349,0.5517,-0.6518,-0.0344812,33.0191,0.3
1350,0.4783,-0.5393,-0.0298938,33.0244,0.3
1351,0.4044,-0.4257,-0.025275,33.029,0.3
1352,0.33,-0.311,-0.020625,33.0335,0.3
1353,0.255,-0.1955,-0.0159375,33.0381,0.3
1354,0.1797,-0.0793,-0.0112312,33.0426,0.3
1355,0.104,0.0379,-0.0065,33.0471,0.3
1356,0.028,0.1556,-0.00175,33.0516,0.3
1357,-0.0483,0.2738,0.00301875,33.0561,0.3
1358,-0.1247,0.3926,0.00779375,33.0605,0.3
1359,-0.2013,0.5118,0.0125813,33.065,0.3
1360,-0.278,0.6312,0.017375,33.0692,0.3
1361,-0.3547,0.7509,0.0221688,33.0735,0.3
1362,-0.4314,0.8707,0.0269625,33.0778,0.3
1363,-0.508,0.9906,0.03175,33.082,0.3
1364,-0.5816,1.1104,0.03635,33.0862,0.3
1365,-0.6463,1.2301,0.0403937,33.0902,0.3
1366,-0.7004,1.3451,0.043775,33.0942,0.3
1367,-0.745,1.4462,0.0465625,33.0982,0.3
1368,-0.7888,1.5307,0.0493,33.1021,0.3
1369,-0.8321,1.6004,0.0520062,33.106,0.3
1370,-0.875,1.6688,0.0546875,33.1097,0.3
1371,-0.9173,1.7365,0.0573313,33.1133,0.3
1372,-0.959,1.8035,0.0599375,33.1169,0.3
1373,-1,1.8696,0.0625,33.1204,0.3
1374,-1.0404,1.9348,0.065025,33.1239,0.3
1375,-1.0801,1.9988,0.0675063,33.1273,0.3
1376,-1.119,2.062,0.0699375,33.1308,0.3
1377,-1.1571,2.124,0.0723188,33.1343,0.3
1378,-1.1943,2.1848,0.0746437,33.1379,0.3
1379,-1.2306,2.2443,0.0769125,33.1413,0.3
1380,-1.266,2.3024,0.079125,33.1451,0.3
1381,-1.3005,2.3591,0.0812812,33.1485,0.3
1382,-1.3338,2.4145,0.0833625,33.1521,0.3
1383,-1.3662,2.4684,0.0853875,33.1553,0.3
1384,-1.3975,2.5204,0.0873437,33.1586,0.3
1385,-1.4276,2.571,0.089225,33.1619,0.3
1386,-1.4566,2.6199,0.0910375,33.1651,0.3
1387,-1.4844,2.667,0.092775,33.1684,0.3
1388,-1.511,2.7123,0.0944375,33.1718,0.3
1389,-1.5364,2.7557,0.096025,33.1751,0.3
1390,-1.5605,2.7973,0.0975312,33.1782,0.3
1391,-1.5833,2.837,0.0989562,33.1822,0.3
1392,-1.6048,2.8746,0.1003,33.1859,0.3
1393,-1.625,2.9102,0.101562,33.1898,0.3
1394,-1.6297,2.9438,0.101856,33.1936,0.3
1395,-1.5934,2.9754,0.0995875,33.1974,0.3
1396,-1.5484,2.9827,0.096775,33.2012,0.3
1397,-1.4981,2.926,0.0936312,33.2051,0.3
1398,-1.4464,2.8557,0.0904,33.2091,0.3
1399,-1.3934,2.7771,0.0870875,33.2131,0.3
1400,-1.339,2.6963,0.0836875,33.2171,0.3
1401,-1.2832,2.6135,0.0802,33.2218,0.3
1402,-1.2261,2.5285,0.0766312,33.2265,0.3
1403,-1.1677,2.4413,0.0729812,33.2313,0.3
1404,-1.108,2.3521,0.06925,33.2362,0.3
1405,-1.0471,2.2609,0.0654437,33.2408,0.3
1406,-0.9849,2.1676,0.0615562,33.2453,0.3
1407,-0.9216,2.0724,0.0576,33.2497,0.3
1408,-0.8571,1.9752,0.0535687,33.2542,0.3
1409,-0.7915,1.8763,0.0494687,33.2587,0.3
1410,-0.7248,1.7756,0.0453,33.2632,0.3
1411,-0.657,1.6731,0.0410625,33.2678,0.3
1412,-0.5883,1.5688,0.0367688,33.2724,0.3
1413,-0.5185,1.4629,0.0324062,33.277,0.3
1414,-0.4479,1.3556,0.0279938,33.2816,0.3
1415,-0.3764,1.2465,0.023525,33.2858,0.3
1416,-0.304,1.1362,0.019,33.29,0.3
1417,-0.2309,1.0245,0.0144312,33.2942,0.3
1418,-0.157,0.9113,0.0098125,33.2984,0.3
1419,-0.0823,0.7971,0.00514375,33.3025,0.3
1420,-0.0071,0.6816,0.00044375,33.3069,0.3
1421,0.0688,0.5649,-0.0043,33.3111,0.3
1422,0.1453,0.4474,-0.00908125,33.3153,0.3
1423,0.2222,0.3288,-0.0138875,33.3194,0.3
1424,0.2996,0.2093,-0.018725,33.3236,0.3
1425,0.3775,0.0891,-0.0235938,33.3276,0.3
1426,0.4557,-0.0318,-0.0284812,33.3317,0.3
1427,0.5342,-0.1535,-0.0333875,33.3356,0.3
1428,0.6129,-0.2757,-0.0383063,33.3395,0.3
1429,0.6918,-0.3984,-0.0432375,33.3433,0.3
1430,0.7709,-0.5213,-0.0481813,33.3472,0.3
1431,0.85,-0.6446,-0.053125,33.3511,0.3
1432,0.9291,-0.7682,-0.0580688,33.3547,0.3
1433,1.0081,-0.8918,-0.0630062,33.357,0.3
1434,1.087,-1.0154,-0.0679375,33.3597,0.3
1435,1.1657,-1.1388,-0.0728562,33.3621,0.3
1436,1.2441,-1.2621,-0.0777562,33.3647,0.3
1437,1.3222,-1.3851,-0.0826375,33.3672,0.3
1438,1.4,-1.5076,-0.0875,33.3697,0.3
1439,1.4773,-1.6296,-0.0923313,33.3722,0.3
1440,1.5541,-1.7512,-0.0971313,33.375,0.3
1441,1.6303,-1.8719,-0.101894,33.3775,0.3
1442,1.7059,-1.9919,-0.106619,33.3801,0.3
1443,1.7808,-2.111,-0.1113,33.3816,0.3
1444,1.855,-2.2291,-0.115937,33.3832,0.3
1445,1.9284,-2.3462,-0.120525,33.3848,0.3
1446,2.0028,-2.4621,-0.125175,33.3863,0.3
1447,1.9674,-2.5768,-0.122963,33.3877,0.3
1448,2.2839,-2.693,-0.142744,33.3892,0.3
1449,2.2698,-2.6377,-0.141863,33.3907,0.3
1450,2.3771,-3.1323,-0.148569,33.3914,0.3
1451,2.4799,-3.1102,-0.154994,33.3906,0.3
1452,2.5946,-3.2779,-0.162162,33.3908,0.3
1453,2.7161,-3.4385,-0.169756,33.3882,0.3
1454,2.8362,-3.6177,-0.177262,33.3867,0.3
1455,2.9549,-3.8076,-0.184681,33.3845,0.3
1456,3.072,-3.9952,-0.192,33.3826,0.3
1457,3.1874,-4.1807,-0.199212,33.3805,0.3
1458,3.301,-4.3637,-0.206313,33.3787,0.3
1459,3.4119,-4.544,-0.213244,33.3592,0.3
1460,3.5196,-4.7215,-0.219975,33.26,0.3
1461,3.6243,-4.8948,-0.226519,33.3256,0.3
1462,3.7249,-5.063,-0.232806,33.0066,0.3
1463,3.8232,-5.2266,-0.23895,33.329,0.3
1464,3.9174,-5.3838,-0.244838,32.9475,0.3
1465,4.0094,-5.5374,-0.250588,33.1471,0.3
1466,4.0975,-5.6846,-0.256094,32.8375,0.3
1467,4.1827,-5.8284,-0.261419,33.1444,0.3
1468,4.2644,-5.966,-0.266525,32.855,0.3
1469,4.3439,-6.0991,-0.271494,32.9121,0.3
1470,4.4204,-6.2268,-0.276275,32.7001,0.3
1471,4.4948,-6.351,-0.280925,32.7611,0.3
1472,4.5689,-6.4705,-0.285556,32.6597,0.3
1473,4.6428,-6.5868,-0.290175,32.6238,0.3
1474,4.7164,-6.7026,-0.294775,32.6845,0.3
1475,4.7894,-6.818,-0.299337,32.8029,0.3
1476,4.861,-6.933,-0.303812,32.6776,0.3
1477,4.9297,-7.0471,-0.308106,32.9561,0.3
1478,4.9955,-7.159,-0.312219,32.8227,0.3
1479,5.0591,-7.2663,-0.316194,32.6198,0.3
1480,5.1211,-7.3691,-0.320069,32.8818,0.3
1481,5.1805,-7.4685,-0.323781,32.4457,0.3
1482,5.2385,-7.5654,-0.327406,32.6722,0.3
1483,5.2949,-7.6582,-0.330931,32.3296,0.3
1484,5.3501,-7.7488,-0.334381,32.4741,0.3
1485,5.404,-7.8369,-0.33775,32.3432,0.3
1486,5.4567,-7.9232,-0.341044,32.3481,0.3
1487,5.5084,-8.0074,-0.344275,32.2816,0.3
1488,5.5586,-8.0898,-0.347413,32.2478,0.3
1489,5.6064,-8.1705,-0.3504,32.1884,0.3
1490,5.6334,-8.249,-0.352087,30.103,0.3
1491,5.651,-8.3237,-0.353187,29.3015,0.3
1492,5.6625,-8.3659,-0.353906,28.6633,0.3
1493,5.6684,-8.3934,-0.354275,27.9506,0.3
1494,5.6717,-8.4113,-0.354481,27.5892,0.3
1495,5.6733,-8.4205,-0.354581,27.353,0.3
1496,5.6733,-8.4257,-0.354581,27.114,0.3
1497,5.6157,-8.4282,-0.350981,26.9953,0.3
1498,5.6332,-8.4282,-0.352075,26.9735,0.3
1499,5.7116,-8.3382,-0.356975,24.9091,0.3
1500,5.678,-8.3655,-0.354875,24.6633,0.3
1501,5.6852,-8.488,-0.355325,24.5102,0.3
1502,5.6847,-8.4355,-0.355294,24.3518,0.3
1503,5.6903,-8.4468,-0.355644,24.1897,0.3
1504,5.6976,-8.446,-0.3561,24.028,0.3
1505,5.7033,-8.4548,-0.356456,23.8421,0.3
1506,5.7058,-8.4662,-0.356612,23.3002,0.3
1507,5.7064,-8.4751,-0.35665,22.9283,0.3
1508,5.7054,-8.479,-0.356588,22.6035,0.3
1509,5.703,-8.4799,-0.356438,22.2615,0.3
1510,5.6984,-8.4784,-0.35615,21.8011,0.3
1511,5.6968,-8.4746,-0.35605,21.7633,0.3
1512,5.6993,-8.4674,-0.356206,21.5766,0.3
1513,5.7073,-8.4649,-0.356706,19.4191,0.3
1514,5.7161,-8.4688,-0.357256,19.4176,0.3
1515,5.726,-8.4813,-0.357875,19.018,0.3
1516,5.7363,-8.4951,-0.358519,19.1077,0.3
1517,5.7472,-8.5105,-0.3592,18.7198,0.3
1518,5.7584,-8.5266,-0.3599,18.3585,0.3
1519,5.7695,-8.5437,-0.360594,18.267,0.3
1520,5.7803,-8.5612,-0.361269,18.113,0.3
1521,5.7909,-8.5785,-0.361931,17.9406,0.3
1522,5.8013,-8.5954,-0.362581,17.781,0.3
1523,5.8113,-8.612,-0.363206,17.6388,0.3
1524,5.8216,-8.6282,-0.36385,17.5954,0.3
1525,5.8322,-8.6438,-0.364513,17.67,0.3
1526,5.8413,-8.6599,-0.365081,17.3367,0.3
1527,5.8488,-8.6765,-0.36555,17.393,0.3
1528,5.8545,-8.6907,-0.365906,17.0247,0.3
1529,5.8584,-8.7024,-0.36615,16.631,0.3
1530,5.861,-8.7113,-0.366312,16.7701,0.3
1531,5.863,-8.7174,-0.366438,16.2289,0.3
1532,5.8639,-8.7215,-0.366494,16.2359,0.3
1533,5.8648,-8.7246,-0.36655,15.7693,0.3
1534,5.8652,-8.726,-0.366575,15.8395,0.3
1535,5.8655,-8.7274,-0.366594,15.2217,0.3
1536,5.8656,-8.728,-0.3666,15.3015,0.3
1537,5.8657,-8.7285,-0.366606,15.0946,0.3
1538,5.866,-8.7287,-0.366625,14.8844,0.3
1539,5.8666,-8.7288,-0.366663,14.6322,0.3
1540,5.8673,-8.7293,-0.366706,14.4379,0.3
1541,5.8677,-8.7302,-0.366731,14.1969,0.3
1542,5.8677,-8.7313,-0.366731,14.109,0.3
1543,5.8673,-8.732,-0.366706,13.8256,0.3
1544,5.8667,-8.732,-0.366669,13.7881,0.3
1545,5.8657,-8.7313,-0.366606,13.4903,0.3
1546,5.8647,-8.7304,-0.366544,13.4652,0.3
1547,5.8635,-8.7288,-0.366469,13.1241,0.3
1548,5.8621,-8.7273,-0.366381,13.184,0.3
1549,5.861,-8.7254,-0.366312,12.6234,0.3
1550,5.6537,-8.7232,-0.353356,12.712,0.3
1551,5.6676,-8.7215,-0.354225,12.4144,0.3
1552,5.6812,-8.3976,-0.355075,12.4589,0.3
1553,5.6945,-8.4193,-0.355906,12.0299,0.3
1554,5.7079,-8.4405,-0.356744,12.0148,0.3
1555,5.7211,-8.4613,-0.357569,11.4897,0.3
1556,5.7344,-8.4823,-0.3584,11.5637,0.3
1557,5.7475,-8.5029,-0.359219,11.3087,0.3
1558,5.7605,-8.5237,-0.360031,11.2772,0.3
1559,5.7733,-8.5441,-0.360831,10.9917,0.3
1560,6.0426,-8.5644,-0.377663,10.8138,0.3
1561,6.004,-8.5845,-0.37525,10.6392,0.3
1562,5.9722,-9.0052,-0.373262,10.4665,0.3
1563,5.9467,-8.9449,-0.371669,10.2945,0.3
1564,5.9271,-8.8952,-0.370444,10.1223,0.3
1565,5.9132,-8.8554,-0.369575,9.951,0.3
1566,5.9042,-8.8248,-0.369013,9.8624,0.3
1567,5.8999,-8.803,-0.368744,9.7479,0.3
1568,5.9001,-8.789,-0.368756,9.5862,0.3
1569,5.9044,-8.7823,-0.369025,9.4155,0.3
1570,5.9121,-8.7826,-0.369506,9.2423,0.3
1571,5.9185,-8.7893,-0.369906,9.0997,0.3
1572,5.9248,-8.8013,-0.3703,8.9534,0.3
1573,5.931,-8.8113,-0.370688,8.8044,0.3
1574,5.937,-8.8212,-0.371063,8.6545,0.3
1575,5.9431,-8.8309,-0.371444,8.5031,0.3
1576,5.9494,-8.8402,-0.371837,8.3504,0.3
1577,5.9557,-8.8498,-0.372231,8.1964,0.3
1578,5.9621,-8.8596,-0.372631,8.0404,0.3
1579,5.9685,-8.8694,-0.373031,7.8832,0.3
1580,5.9758,-8.8795,-0.373487,7.7848,0.3
1581,5.9922,-8.9009,-0.374513,7.6543,0.3
1582,6.0009,-8.9009,-0.375056,7.5861,0.3
1583,6.0096,-8.9265,-0.3756,7.5111,0.3
1584,6.0182,-8.9401,-0.376138,7.4314,0.3
1585,6.0268,-8.9537,-0.376675,7.3466,0.3
1586,6.0352,-8.9671,-0.3772,7.2604,0.3
1587,6.0435,-8.9805,-0.377719,7.1715,0.3
1588,6.0517,-8.9937,-0.378231,7.0831,0.3
1589,6.0598,-9.0066,-0.378738,6.9964,0.3
1590,6.0676,-9.0195,-0.379225,6.9419,0.3
1591,6.0752,-9.0321,-0.3797,6.9093,0.3
1592,6.0831,-9.0443,-0.380194,6.9172,0.3
1593,6.0919,-9.0562,-0.380744,6.9598,0.3
1594,6.1014,-9.0685,-0.381337,7.029,0.3
1595,6.1118,-9.0823,-0.381987,7.1306,0.3
1596,6.123,-9.0971,-0.382688,7.252,0.3
1597,6.1347,-9.1134,-0.383419,7.3779,0.3
1598,6.1473,-9.1309,-0.384206,7.4986,0.3
1599,6.1605,-9.1491,-0.385031,7.6225,0.3
1600,6.1741,-9.1688,-0.385881,7.7488,0.3
1601,6.2043,-9.1895,-0.387769,8.106,0.3
1602,6.2205,-9.2107,-0.388781,8.2743,0.3
1603,6.237,-9.2579,-0.389813,8.4597,0.3
1604,6.2516,-9.2832,-0.390725,8.7067,0.3
1605,6.2516,-9.2832,-0.390725,8.7067,0.3
1606,6.2655,-9.3318,-0.391594,8.9241,0.3
1607,6.2902,-9.3318,-0.393137,9.1288,0.3
1608,6.3016,-9.3535,-0.39385,9.1439,0.3
1609,6.3016,-9.3535,-0.39385,9.1439,0.3
1610,6.3129,-9.4099,-0.394556,9.2023,0.3
1611,6.3343,-9.4099,-0.395894,9.4933,0.3
1612,6.3447,-9.4276,-0.396544,9.6234,0.3
1613,6.3547,-9.461,-0.397169,9.7422,0.3
1614,6.3547,-9.461,-0.397169,9.7422,0.3
1615,6.3645,-9.4929,-0.397781,9.8609,0.3
1616,6.3742,-9.4929,-0.398388,9.9756,0.3
1617,6.3862,-9.5082,-0.399137,9.7348,0.3
1618,6.3993,-9.5234,-0.399956,9.58,0.3
1619,6.4248,-9.5421,-0.40155,9.7225,0.3
1620,6.4248,-9.5421,-0.40155,9.7225,0.3
1621,6.4495,-9.6024,-0.403094,9.8229,0.3
1622,6.4495,-9.6024,-0.403094,9.8229,0.3
1623,6.4616,-9.641,-0.40385,9.8736,0.3
1624,6.4855,-9.641,-0.405344,10.022,0.3
1625,6.4855,-9.641,-0.405344,10.022,0.3
1626,6.4971,-9.6973,-0.406069,10.1022,0.3
1627,6.5087,-9.6973,-0.406794,10.0991,0.3
1628,6.5201,-9.7154,-0.407506,10.0942,0.3
1629,6.5312,-9.7335,-0.4082,10.0977,0.3
1630,6.5521,-9.7513,-0.409506,10.1277,0.3
1631,6.5521,-9.7513,-0.409506,10.1277,0.3
1632,6.5616,-9.8013,-0.4101,10.1477,0.3
1633,6.5912,-9.8013,-0.41195,8.4754,0.3
1634,6.604,-9.8162,-0.41275,8.1476,0.3
1635,6.604,-9.8162,-0.41275,8.1476,0.3
1636,6.6301,-9.8824,-0.414381,7.5629,0.3
1637,6.6301,-9.8824,-0.414381,7.5629,0.3
1638,6.6422,-9.9232,-0.415137,7.4549,0.3
1639,6.6538,-9.9232,-0.415863,7.3856,0.3
1640,6.6805,-9.9421,-0.417531,6.813,0.3
1641,6.7031,-9.9602,-0.418944,6.0342,0.3
1642,6.712,-10.002,-0.4195,5.6253,0.3
1643,6.7203,-10.0373,-0.420019,5.3795,0.3
1644,6.7273,-10.0512,-0.420456,5.2223,0.3
1645,6.7273,-10.0512,-0.420456,5.2223,0.3
1646,6.7331,-10.0751,-0.420819,5.0947,0.3
1647,6.7387,-10.0751,-0.421169,5.0865,0.3
1648,6.7452,-10.0841,-0.421575,4.9102,0.3
1649,6.754,-10.0929,-0.422125,4.8974,0.3
1650,6.7734,-10.103,-0.423337,4.7006,0.3
1651,6.7734,-10.103,-0.423337,4.7006,0.3
1652,6.7926,-10.1471,-0.424538,4.4773,0.3
1653,6.8013,-10.1471,-0.425081,4.5148,0.3
1654,6.8084,-10.1771,-0.425525,4.5267,0.3
1655,6.8084,-10.1771,-0.425525,4.5267,0.3
1656,6.8143,-10.2018,-0.425894,4.5365,0.3
1657,6.8234,-10.2018,-0.426463,4.289,0.3
1658,6.8265,-10.211,-0.426656,4.2973,0.3
1659,6.8265,-10.211,-0.426656,4.2973,0.3
1660,6.8289,-10.2301,-0.426806,4.324,0.3
1661,6.8316,-10.2301,-0.426975,4.2592,0.3
1662,6.837,-10.2338,-0.427312,4.1437,0.3
1663,6.8405,-10.238,-0.427531,3.935,0.3
1664,6.8441,-10.2465,-0.427756,3.6937,0.3
1665,6.8441,-10.2465,-0.427756,3.6937,0.3
1666,6.8479,-10.2576,-0.427994,3.4367,0.3
1667,6.8554,-10.2576,-0.428463,3.0196,0.3
1668,6.8593,-10.2635,-0.428706,2.9071,0.3
1669,6.8619,-10.2752,-0.428869,2.8883,0.3
1670,6.8619,-10.2752,-0.428869,2.8883,0.3
1671,6.8678,-10.2854,-0.429237,2.8212,0.3
1672,6.8707,-10.2854,-0.429419,2.8313,0.3
1673,6.8746,-10.2946,-0.429663,2.838,0.3
1674,6.8746,-10.2946,-0.429663,2.838,0.3
1675,6.8779,-10.3052,-0.429869,2.9171,0.3
1676,6.8859,-10.3052,-0.430369,2.9425,0.3
1677,6.8903,-10.3104,-0.430644,3.0015,0.3
1678,6.8952,-10.3229,-0.43095,3.0553,0.3
1679,6.8952,-10.3229,-0.43095,3.0553,0.3
1680,6.9057,-10.3374,-0.431606,3.267,0.3
1681,6.9115,-10.3374,-0.431969,3.2415,0.3
1682,6.917,-10.3538,-0.432312,3.1136,0.3
1683,6.9224,-10.3629,-0.43265,2.9868,0.3
1684,6.9271,-10.3715,-0.432944,2.8891,0.3
1685,6.9312,-10.3799,-0.4332,2.8348,0.3
1686,6.9346,-10.3873,-0.433412,2.833,0.3
1687,6.9346,-10.3873,-0.433412,2.833,0.3
1688,6.9371,-10.399,-0.433569,2.8022,0.3
1689,6.9382,-10.399,-0.433638,2.9177,0.3
1690,6.9384,-10.4029,-0.43365,3.0488,0.3
1691,6.9375,-10.4046,-0.433594,3.1164,0.3
1692,6.936,-10.4049,-0.4335,3.2878,0.3
1693,6.9316,-10.4035,-0.433225,3.785,0.3
1694,6.9287,-10.4012,-0.433044,4.0373,0.3
1695,6.9226,-10.3943,-0.432663,4.4486,0.3
1696,6.9192,-10.3898,-0.43245,4.6377,0.3
1697,6.9192,-10.3898,-0.43245,4.6377,0.3
1698,6.9156,-10.3749,-0.432225,4.7438,0.3
1699,6.9075,-10.3749,-0.431719,4.9771,0.3
1700,6.9031,-10.3693,-0.431444,5.0908,0.3
1701,6.9031,-10.3693,-0.431444,5.0908,0.3
1702,6.8935,-10.3498,-0.430844,5.3014,0.3
1703,6.8883,-10.3498,-0.430519,5.4114,0.3
1704,6.8829,-10.3348,-0.430181,5.5299,0.3
1705,6.8771,-10.3266,-0.429819,5.6485,0.3
1706,6.8771,-10.3266,-0.429819,5.6485,0.3
1707,6.8648,-10.3091,-0.42905,5.8815,0.3
1708,6.8648,-10.3091,-0.42905,5.8815,0.3
1709,6.8583,-10.2899,-0.428644,5.9987,0.3
1710,6.8514,-10.2899,-0.428212,6.115,0.3
1711,6.8442,-10.2798,-0.427762,6.2395,0.3
1712,6.8367,-10.269,-0.427294,6.3691,0.3
1713,6.8207,-10.2577,-0.426294,6.5907,0.3
1714,6.8123,-10.246,-0.425769,6.687,0.3
1715,6.8037,-10.221,-0.425231,6.7838,0.3
1716,6.7947,-10.2079,-0.424669,6.8775,0.3
1717,6.7854,-10.1945,-0.424088,6.9719,0.3
1718,6.7854,-10.1945,-0.424088,6.9719,0.3
1719,6.7758,-10.1659,-0.423488,7.0667,0.3
1720,6.7658,-10.1659,-0.422862,7.1616,0.3
1721,6.7449,-10.1509,-0.421556,7.3478,0.3
1722,6.7339,-10.1352,-0.420869,7.4336,0.3
1723,6.7339,-10.1352,-0.420869,7.4336,0.3
1724,6.7225,-10.0854,-0.420156,7.5183,0.3
1725,6.7108,-10.0854,-0.419425,7.6017,0.3
1726,6.6987,-10.0676,-0.418669,7.6838,0.3
1727,6.6734,-10.0493,-0.417087,7.8444,0.3
1728,6.6602,-10.0304,-0.416262,7.9232,0.3
1729,6.6325,-9.9909,-0.414531,8.0789,0.3
1730,6.6181,-9.9702,-0.413631,8.1559,0.3
1731,6.6181,-9.9702,-0.413631,8.1559,0.3
1732,6.6034,-9.9045,-0.412712,8.2325,0.3
1733,6.5882,-9.9045,-0.411762,8.3088,0.3
1734,6.5726,-9.8815,-0.410788,8.3714,0.3
1735,6.5566,-9.8577,-0.409788,8.4312,0.3
1736,6.5232,-9.8334,-0.4077,8.5389,0.3
1737,6.5232,-9.8334,-0.4077,8.5389,0.3
1738,6.5059,-9.7562,-0.406619,8.5938,0.3
1739,6.4881,-9.7562,-0.405506,8.6486,0.3
1740,6.4698,-9.7291,-0.404363,8.7032,0.3
1741,6.432,-9.7013,-0.402,8.8116,0.3
1742,6.4124,-9.6727,-0.400775,8.8656,0.3
1743,6.4124,-9.6727,-0.400775,8.8656,0.3
1744,6.3924,-9.583,-0.399525,8.9197,0.3
1745,6.3719,-9.583,-0.398244,8.9738,0.3
1746,6.3517,-9.5518,-0.396981,6.8331,0.3
1747,6.3454,-9.5198,-0.396587,6.4026,0.3
1748,6.3401,-9.4882,-0.396256,5.9667,0.3
1749,6.3316,-9.4784,-0.395725,5.3111,0.3
1750,6.3293,-9.4701,-0.395581,4.9736,0.3
1751,6.3293,-9.4701,-0.395581,4.9736,0.3
1752,6.3276,-9.4532,-0.395475,4.5049,0.3
1753,6.3276,-9.4532,-0.395475,4.5049,0.3
1754,6.3279,-9.4505,-0.395494,4.3157,0.3
1755,6.3299,-9.4505,-0.395619,4.017,0.3
1756,6.3299,-9.4505,-0.395619,4.017,0.3
1757,6.3324,-9.4541,-0.395775,3.7743,0.3
1758,6.3335,-9.4541,-0.395844,3.718,0.3
1759,6.3341,-9.458,-0.395881,3.6869,0.3
1760,6.3345,-9.4598,-0.395906,3.6772,0.3
1761,6.3345,-9.4598,-0.395906,3.6772,0.3
1762,6.3345,-9.4613,-0.395906,3.6896,0.3
1763,6.3346,-9.4613,-0.395913,3.5799,0.3
1764,6.3362,-9.4613,-0.396012,3.4819,0.3
1765,6.3376,-9.4615,-0.3961,3.383,0.3
1766,6.3369,-9.464,-0.396056,3.008,0.3
1767,6.335,-9.4662,-0.395937,2.7416,0.3
1768,6.3328,-9.4651,-0.3958,2.4438,0.3
1769,6.3307,-9.4621,-0.395669,2.2356,0.3
