0,0.7598,0,-1,0.438,0
1,0.7598,0,-0.142462,0.876,1
2,0.7598,-24.5637,-0.142462,1.314,0.572612
3,0.7598,-3.1252,-0.142462,2.19,0.572612
4,0.7598,-3.1252,-0.142462,2.19,0.572612
5,0.7598,-3.1252,-0.142462,2.628,0.572612
6,0.7598,-3.1252,-0.142462,3.066,0.572612
7,0.7598,-3.1252,-0.142462,3.504,0.572612
8,0.7598,-3.1252,-0.142462,3.942,0.572612
9,0.7598,-3.1252,-0.142462,4.38,0.572612
10,0.7598,-3.1252,-0.142462,4.818,0.572612
11,0.7598,-3.1252,-0.142462,5.256,0.572612
12,0.7598,-3.1252,-0.142462,5.694,0.572612
13,0.7598,-3.1252,-0.142462,6.132,0.572612
14,0.7599,-3.1252,-0.142881,6.57,0.5701
15,0.7598,-3.1252,-0.142063,6.7858,0.576269
16,0.7597,-3.1357,-0.142044,4.873,0.573925
17,0.7595,-3.1152,-0.141606,3.2274,0.576494
18,0.7593,-3.1148,-0.141569,1.7854,0.575406
19,0.7591,-3.1038,-0.141531,0.6418,0.575519
20,0.7589,-3.1029,-0.141494,0.7832,0.575631
21,0.7587,-3.1019,-0.141456,1.3601,0.575744
22,0.7584,-3.101,-0.141,1.6953,0.578369
23,0.7582,-3.1001,-0.141363,1.8562,0.574825
24,0.7579,-3.0887,-0.140906,1.823,0.57865
25,0.7576,-3.0977,-0.14085,1.6825,0.577619
26,0.7573,-3.0863,-0.140794,1.4838,0.577788
27,0.757,-3.0849,-0.140738,1.2715,0.577956
28,0.7566,-3.0835,-0.140263,1.0952,0.580637
29,0.7563,-3.0821,-0.140606,0.9926,0.57715
30,0.7559,-3.0702,-0.140131,0.9776,0.581031
31,0.7555,-3.0788,-0.140056,1.0146,0.580056
32,0.7551,-3.067,-0.139981,1.0983,0.580281
33,0.7547,-3.0651,-0.139906,1.1416,0.580506
34,0.7542,-3.0632,-0.139412,1.2172,0.583244
35,0.7537,-3.0613,-0.139319,1.2221,0.582325
36,0.7532,-3.049,-0.139225,1.3563,0.582606
37,0.7526,-3.0466,-0.138713,1.3786,0.5854
38,0.7521,-3.0443,-0.139019,1.4292,0.582025
39,0.7515,-3.0315,-0.138506,1.509,0.586019
40,0.7508,-3.0391,-0.137975,1.5728,0.587669
41,0.7502,-3.0263,-0.138262,1.631,0.58435
42,0.7495,-3.013,-0.137731,1.716,0.5884
43,0.7487,-3.0202,-0.137181,1.7778,0.590106
44,0.748,-3.007,-0.13745,1.8541,0.586844
45,0.7472,-2.9932,-0.1369,1.9194,0.59095
46,0.7464,-2.9999,-0.13675,2.0311,0.5902
47,0.7455,-2.9862,-0.136181,2.118,0.593162
48,0.7445,-2.9824,-0.135594,2.2065,0.594981
49,0.7436,-2.9682,-0.135825,2.288,0.591831
50,0.7426,-2.9535,-0.135238,2.3805,0.59605
51,0.7415,-2.9593,-0.134631,2.4768,0.597925
52,0.7404,-2.9446,-0.134425,2.5674,0.597344
53,0.7393,-2.9294,-0.134219,2.6622,0.597962
54,0.7381,-2.9243,-0.133594,2.7541,0.601094
55,0.7368,-2.9191,-0.13295,2.8473,0.603081
56,0.7355,-2.9035,-0.132706,2.9692,0.602612
57,0.7342,-2.8874,-0.132462,3.066,0.603344
58,0.7327,-2.8813,-0.131381,3.1757,0.6091
59,0.7313,-2.8752,-0.131519,3.2882,0.605031
60,0.7297,-2.8482,-0.130419,3.4004,0.612044
61,0.7281,-2.8516,-0.130119,3.5251,0.610544
62,0.7264,-2.8241,-0.1294,3.6455,0.613956
63,0.7228,-2.8166,-0.121125,3.8955,0.66145
64,0.7228,-2.8166,-0.135525,3.8955,0.550225
65,0.721,-2.5918,-0.127987,4.0357,0.63865
66,0.719,-2.9518,-0.126812,4.1575,0.623087
67,0.7169,-2.7634,-0.126019,4.2945,0.624325
68,0.7125,-2.734,-0.115994,4.5773,0.682094
69,0.7125,-2.734,-0.133594,4.5773,0.546419
70,0.7102,-2.4635,-0.123963,4.7309,0.657006
71,0.7077,-2.9035,-0.122694,4.8594,0.635725
72,0.7052,-2.6627,-0.122225,5.0039,0.634731
73,0.7025,-2.631,-0.120919,5.1489,0.641163
74,0.6998,-2.6193,-0.120412,5.2924,0.640281
75,0.697,-2.5866,-0.119487,5.4368,0.644313
76,0.6941,-2.574,-0.118544,5.5811,0.6472
77,0.691,-2.5509,-0.117162,5.7259,0.652656
78,0.6879,-2.5273,-0.116581,5.8711,0.652
79,0.6846,-2.4927,-0.115163,6.0172,0.658769
80,0.6813,-2.4782,-0.114544,6.1632,0.658225
81,0.6778,-2.4427,-0.113087,6.3101,0.665106
82,0.6742,-2.4273,-0.112013,6.457,0.667187
83,0.6705,-2.3909,-0.110919,6.6048,0.670525
84,0.6667,-2.364,-0.109806,6.7531,0.673919
85,0.6627,-2.3366,-0.108256,6.9018,0.679881
86,0.6586,-2.3088,-0.107088,7.0511,0.682244
87,0.6544,-2.2701,-0.1059,7.2013,0.685862
88,0.6456,-2.2409,-0.08585,7.5025,0.8026
89,0.6456,-2.2409,-0.12105,7.5025,0.53125
90,0.6411,-1.7099,-0.102206,7.6744,0.749912
91,0.6363,-2.5899,-0.100106,7.8044,0.705981
92,0.6314,-2.1188,-0.0987875,7.9566,0.707594
93,0.6264,-2.0663,-0.09745,8.1145,0.711662
94,0.6212,-2.0334,-0.095675,8.2695,0.7183
95,0.6159,-1.9999,-0.0942813,8.425,0.721337
96,0.6105,-1.9555,-0.0928688,8.5816,0.725631
97,0.6049,-1.9207,-0.0910187,8.7388,0.732494
98,0.5991,-1.8854,-0.0891312,8.8967,0.738269
99,0.5932,-1.8391,-0.087625,9.0558,0.741644
100,0.5872,-1.7919,-0.0861,9.2159,0.746275
101,0.581,-1.7543,-0.0841375,9.3768,0.753475
102,0.5746,-1.7162,-0.0821375,9.5383,0.759587
103,0.5681,-1.6671,-0.0805188,9.701,0.7633
104,0.5615,-1.6171,-0.0788812,9.865,0.768269
105,0.5548,-1.5766,-0.077225,10.0297,0.773294
106,0.5485,-1.5357,-0.0776438,10.1951,0.765812
107,0.5428,-1.4943,-0.078975,10.3614,0.759081
108,0.5379,-1.5048,-0.0812563,10.5266,0.749387
109,0.534,-1.538,-0.084525,10.6897,0.736619
110,0.5318,-1.5951,-0.0909125,10.8504,0.7081
111,0.5316,-1.6768,-0.098875,11.0079,0.679488
112,0.5233,-1.8365,-0.0649188,11.1595,0.907112
113,0.5159,-2.0355,-0.0671313,11.3038,0.791969
114,0.5094,-1.1866,-0.0695125,11.5029,0.784319
115,0.5037,-1.2419,-0.0716438,11.6674,0.778675
116,0.4986,-1.3015,-0.0730875,11.8377,0.776406
117,0.4939,-1.3548,-0.0738063,12.0053,0.776425
118,0.4897,-1.3909,-0.0750188,12.1429,0.771306
119,0.4857,-1.4088,-0.0750687,12.3752,0.774644
120,0.4819,-1.4391,-0.0751562,12.3183,0.774269
121,0.4783,-1.4404,-0.0752813,12.5786,0.773781
122,0.4746,-1.4426,-0.0741875,12.9063,0.780719
123,0.4709,-1.4457,-0.0734937,12.7814,0.7816
124,0.4672,-1.4184,-0.0728,13.128,0.783681
125,0.4631,-1.401,-0.0704313,13.3016,0.795813
126,0.4591,-1.3837,-0.0700812,13.2998,0.790806
127,0.4548,-1.3244,-0.068075,13.5366,0.801794
128,0.4502,-1.3157,-0.0660125,13.8597,0.80815
129,0.4457,-1.2655,-0.0655687,13.7915,0.804625
130,0.4409,-1.214,-0.0634688,14.038,0.815894
131,0.4359,-1.2029,-0.0617312,14.2644,0.820019
132,0.4308,-1.1504,-0.060375,14.4098,0.822944
133,0.4255,-1.1069,-0.0585812,14.5522,0.829638
134,0.4201,-1.073,-0.0571687,14.8711,0.832731
135,0.4145,-1.0282,-0.0553188,14.8493,0.839594
136,0.4088,-0.9929,-0.05385,15.2419,0.842856
137,0.403,-0.9466,-0.0523625,15.1297,0.847375
138,0.397,-0.9099,-0.0504375,15.5801,0.854463
139,0.3909,-0.8727,-0.0488938,15.4951,0.85795
140,0.3846,-0.8246,-0.0469125,15.9362,0.865206
141,0.3783,-0.786,-0.0457313,15.8362,0.86635
142,0.3717,-0.7365,-0.0432937,16.3004,0.877431
143,0.3651,-0.7069,-0.0420563,16.1627,0.877544
144,0.3582,-0.646,-0.0395625,16.6342,0.888794
145,0.3513,-0.6151,-0.0382687,16.5693,0.889075
146,0.3442,-0.5527,-0.0361375,17.0036,0.897981
147,0.3371,-0.5204,-0.0348063,16.9083,0.899575
148,0.3297,-0.4671,-0.0322187,17.3537,0.911106
149,0.3223,-0.4338,-0.0308312,17.3005,0.911669
150,0.3147,-0.3691,-0.0286063,17.7197,0.920856
151,0.3071,-0.3344,-0.0271813,17.6705,0.922731
152,0.2993,-0.2788,-0.0249188,18.083,0.932031
153,0.2915,-0.2432,-0.0234562,18.0572,0.934019
154,0.2835,-0.1866,-0.0211562,18.4515,0.943431
155,0.2755,-0.1501,-0.0196563,18.4436,0.945531
156,0.2674,-0.0926,-0.0177375,18.8231,0.952544
157,0.2592,-0.0551,-0.0158,18.8348,0.958413
158,0.2509,-0.0071,-0.0138438,19.1984,0.964337
159,0.2426,0.0413,-0.0122875,19.228,0.967806
160,0.2342,0.0902,-0.0103125,19.5776,0.974988
161,0.2258,0.1291,-0.0087375,19.625,0.978512
162,0.2173,0.1785,-0.00674375,19.9599,0.98575
163,0.2089,0.2179,-0.00556875,20.0245,0.986819
164,0.2003,0.2677,-0.00315625,20.3459,0.997769
165,0.1918,0.2971,-0.0019625,20.4271,0.997694
166,0.1833,0.3574,-0.00036875,20.7345,1
167,0.1748,0.3873,0.001225,20.8336,1
168,0.1663,0.4271,0.00281875,21.1268,1
169,0.1578,0.467,0.0044125,21.2393,1
170,0.1493,0.5068,0.00600625,21.5183,1
171,0.1409,0.5466,0.00718125,21.6434,1
172,0.1325,0.5865,0.00875625,21.908,1
173,0.1242,0.6159,0.0099125,22.0456,1
174,0.116,0.6552,0.01105,22.2961,1
175,0.1079,0.6841,0.0121688,22.4455,1
176,0.0998,0.7126,0.0136875,22.6828,1
177,0.0919,0.7406,0.0143688,22.8431,1
178,0.0841,0.7785,0.0154313,23.0686,1
179,0.0764,0.7956,0.016475,23.2381,1
180,0.0689,0.8221,0.0170812,23.4535,1
181,0.0615,0.8482,0.0180688,23.6304,1
182,0.0542,0.8634,0.0190375,23.8377,1
183,0.0472,0.8881,0.01915,24.02,1
184,0.0403,0.9123,0.0200437,24.2212,1
185,0.0336,0.9151,0.0205,24.4071,1
186,0.0271,0.9374,0.0209187,24.6039,1
187,0.0208,0.9488,0.0213,24.7918,1
188,0.0147,0.9593,0.0216437,24.9856,1
189,0.0089,0.9688,0.0215312,25.1745,1
190,0.0033,0.9774,0.0217812,25.3662,1
191,-0.002,0.9746,0.021575,25.5552,1
192,-0.0071,0.9809,0.0217313,25.7454,1
193,-0.012,0.9757,0.02185,25.9342,1
194,-0.0166,0.9796,0.0215125,26.1233,1
195,-0.0209,0.9826,0.0211187,26.3116,1
196,-0.0249,0.9741,0.0206687,26.4997,1
197,-0.0286,0.9643,0.0201625,26.6873,1
198,-0.032,0.9531,0.0196,26.8746,1
199,-0.0352,0.9404,0.0194,27.0614,1
200,-0.038,0.9263,0.018325,27.2479,1
201,-0.0405,0.9213,0.0175938,27.434,1
202,-0.0428,0.8945,0.017225,27.6197,1
203,-0.0447,0.8762,0.0159812,27.8051,1
204,-0.0463,0.867,0.0150813,27.99,1
205,-0.0476,0.8359,0.014125,28.1747,1
206,-0.0486,0.8134,0.0131125,28.3588,1
207,-0.0492,0.7895,0.011625,28.5427,1
208,-0.0496,0.7641,0.0109,28.7261,1
209,-0.0497,0.727,0.00971875,28.9092,1
210,-0.0489,0.7088,0.00596875,29.2741,1
211,-0.0468,0.6793,0.000375,29.6377,0.984344
212,-0.0453,0.5856,0.00249375,29.8189,1
213,-0.0436,0.4457,0.001375,29.9997,1
214,-0.0416,0.4987,-0.0002,30.1752,0.994675
215,-0.0367,0.4707,-0.0127187,30.5359,0.924288
216,-0.0339,0.4313,-0.00484375,30.7156,1
217,-0.0309,0.1184,-0.00620625,30.8927,0.977294
218,-0.0277,0.3152,-0.00760625,31.048,0.972981
219,-0.0243,0.2812,-0.00904375,31.2336,0.968556
220,-0.0201,0.2462,-0.0130312,31.4017,0.948944
221,-0.0139,0.2102,-0.0221938,31.5741,0.905931
222,-0.0061,0.1106,-0.0300562,31.7428,0.886244
223,0.006,-0.1185,-0.049525,31.9063,0.793019
224,0.0168,-0.3151,-0.04635,32.0575,0.870475
225,0.0305,-0.8018,-0.0605188,32.2055,0.775937
226,0.0462,-0.7224,-0.0714625,32.3246,0.752781
227,0.0636,-1.0766,-0.081525,32.4762,0.725237
228,0.0816,-1.3502,-0.0873,32.5872,0.720775
229,0.0992,-1.6018,-0.089,32.7036,0.7279
230,0.1164,-1.7462,-0.090625,32.8082,0.72325
231,0.1331,-1.7887,-0.0917562,32.915,0.721338
232,0.1493,-1.8293,-0.0927937,33.0229,0.718506
233,0.1649,-1.8576,-0.0933188,33.129,0.718469
234,0.18,-1.8835,-0.09415,33.2348,0.715056
235,0.1944,-1.8966,-0.09405,33.3396,0.71815
236,0.2081,-1.9174,-0.0938188,33.4444,0.719237
237,0.2211,-1.9149,-0.0934562,33.548,0.720719
238,0.2335,-1.9091,-0.0933813,33.6527,0.720081
239,0.245,-1.9001,-0.0919375,33.7572,0.728519
240,0.2558,-1.8982,-0.0911625,33.862,0.728837
241,0.2659,-1.8621,-0.0902562,33.9663,0.73195
242,0.2751,-1.8427,-0.0883812,34.0731,0.740481
243,0.2835,-1.8201,-0.0867562,34.1791,0.744606
244,0.2911,-1.7732,-0.0849813,34.2861,0.750381
245,0.2979,-1.7326,-0.0830562,34.3952,0.756606
246,0.3038,-1.6882,-0.0805625,34.5047,0.765794
247,0.3089,-1.6401,-0.0783187,34.6157,0.771775
248,0.3131,-1.5777,-0.0755062,34.7279,0.781919
249,0.3165,-1.5216,-0.0729438,34.8423,0.788856
250,0.3191,-1.4513,-0.0702312,34.9577,0.797444
251,0.3209,-1.3873,-0.0673688,35.0756,0.806481
252,0.3218,-1.3194,-0.0639375,35.1947,0.818481
253,0.3219,-1.2479,-0.0607563,35.3158,0.827275
254,0.3213,-1.1621,-0.0578437,35.4389,0.835206
255,0.3199,-1.0826,-0.0543813,35.5647,0.847244
256,0.3177,-1.0098,-0.0507687,35.6922,0.858531
257,0.3148,-0.9232,-0.047425,35.8214,0.867756
258,0.3112,-0.8329,-0.04395,35.9534,0.878575
259,0.3069,-0.7493,-0.0403438,36.0877,0.889787
260,0.3019,-0.6624,-0.0366062,36.2239,0.901394
261,0.2963,-0.5723,-0.0331563,36.3625,0.910881
262,0.2902,-0.4788,-0.0300125,36.5035,0.919394
263,0.2834,-0.3926,-0.0259375,36.647,0.934413
264,0.2762,-0.314,-0.0229875,36.7925,0.939887
265,0.2685,-0.2121,-0.0195438,36.9396,0.9517
266,0.2603,-0.1384,-0.0160062,37.0902,0.962594
267,0.2516,-0.0523,-0.012375,37.2414,0.973769
268,0.2427,0.0362,-0.00990625,37.3955,0.977687
269,0.2333,0.127,-0.00614375,37.5517,0.992856
270,0.2237,0.1887,-0.00354375,37.7102,0.997169
271,0.2139,0.2827,-0.00090625,37.8692,1
272,0.2038,0.3477,0.0021875,38.0318,1
273,0.1936,0.4137,0.0045,38.1948,1
274,0.1832,0.491,0.00725,38.3581,1
275,0.1728,0.5488,0.0092,38.5211,1
276,0.1624,0.6176,0.01115,38.6836,1
277,0.1519,0.6663,0.0135187,38.8459,1
278,0.1415,0.7151,0.0150688,39.0077,1
279,0.1312,0.7743,0.0166,39.1693,1
280,0.121,0.8131,0.0181125,39.3305,1
281,0.111,0.8513,0.0191875,39.4913,1
282,0.1012,0.8891,0.020225,39.6519,1
283,0.0917,0.916,0.0208062,39.8121,1
284,0.0825,0.942,0.0213312,39.9719,1
285,0.0736,0.9565,0.0218,40.1315,1
286,0.065,0.9696,0.0222125,40.2907,1
287,0.0568,0.9813,0.02215,40.4496,1
288,0.049,0.9916,0.0220125,40.6081,1
289,0.0418,0.9901,0.0209625,40.7664,1
290,0.037,0.9866,0.0122625,40.9243,1
291,0.0379,0.9604,-0.0107063,41.0819,0.898975
292,0.0454,0.7429,-0.0385125,41.2393,0.801044
293,0.043,0.1687,0.0015375,41.3964,1
294,0.0504,-0.5265,-0.03905,41.5281,0.761087
295,0.0626,0.4748,-0.0605375,41.6361,0.753925
296,0.0755,-0.5399,-0.0657562,41.7936,0.787075
297,0.0884,-1.0771,-0.068175,41.8891,0.788219
298,0.101,-1.2076,-0.0693375,41.9854,0.7885
299,0.1135,-1.268,-0.0712812,42.0889,0.780325
300,0.1256,-1.2971,-0.07195,42.1922,0.782144
301,0.1374,-1.3457,-0.0729625,42.2954,0.778075
302,0.1488,-1.3624,-0.0735,42.3964,0.777888
303,0.1597,-1.3877,-0.0735438,42.4979,0.779237
304,0.1702,-1.4012,-0.0739125,42.5981,0.777156
305,0.1801,-1.4023,-0.0733688,42.6981,0.781525
306,0.1893,-1.4115,-0.0722937,42.7983,0.786344
307,0.198,-1.3979,-0.071925,42.8979,0.785331
308,0.206,-1.371,-0.070625,42.9984,0.792025
309,0.2133,-1.3618,-0.0691937,43.0998,0.796712
310,0.2199,-1.3293,-0.0676313,43.2009,0.801794
311,0.2258,-1.2935,-0.0659375,43.3034,0.807269
312,0.2309,-1.2544,-0.0636937,43.4069,0.81565
313,0.2352,-1.2121,-0.0613,43.5114,0.823281
314,0.2387,-1.156,-0.0587563,43.6171,0.831362
315,0.2414,-1.0962,-0.0560625,43.7246,0.839894
316,0.2433,-1.0326,-0.0532187,43.8337,0.848875
317,0.2445,-0.9652,-0.0506438,43.9447,0.855794
318,0.2448,-0.8941,-0.0471,44.0574,0.869331
319,0.2444,-0.8298,-0.044225,44.1721,0.87595
320,0.2432,-0.7412,-0.0408,44.2882,0.887875
321,0.2413,-0.6693,-0.0376437,44.4074,0.896538
322,0.2386,-0.5837,-0.0339375,44.5279,0.909306
323,0.2353,-0.5048,-0.0309188,44.6509,0.9163
324,0.2312,-0.4121,-0.02695,44.7759,0.931056
325,0.2266,-0.3366,-0.0240875,44.9037,0.936325
326,0.2213,-0.2374,-0.0202937,45.0329,0.9505
327,0.2154,-0.1659,-0.0167875,45.1653,0.960156
328,0.2091,-0.071,-0.0140062,45.2987,0.966325
329,0.2022,0.0166,-0.0103125,45.4353,0.980144
330,0.1949,0.0862,-0.00734375,45.5738,0.986875
331,0.1872,0.1785,-0.0043,45.7136,0.996231
332,0.1792,0.2527,-0.0016,45.8563,1
333,0.1709,0.3288,0.00115625,46.0003,1
334,0.1623,0.3963,0.00396875,46.1463,1
335,0.1535,0.4652,0.00641875,46.293,1
336,0.1446,0.5356,0.0084875,46.4394,1
337,0.1356,0.5968,0.010575,46.5856,1
338,0.1266,0.6485,0.0122625,46.7315,1
339,0.1176,0.7007,0.01395,46.877,1
340,0.1087,0.7429,0.0152187,47.0222,1
341,0.1024,0.7851,0.006,47.1671,0.990344
342,0.1012,0.8168,-0.014175,47.3117,0.89695
343,0.1037,0.5863,-0.0294438,47.4561,0.865862
344,0.111,0.082,-0.0500125,47.5982,0.788256
345,0.1225,-0.2998,-0.0689687,47.7193,0.736225
346,0.135,-0.814,-0.0753125,47.8313,0.755031
347,0.1472,-1.2879,-0.0764,47.9244,0.767538
348,0.1588,-1.4465,-0.076175,48.0041,0.77215
349,0.1699,-1.4737,-0.0762562,48.0868,0.770987
350,0.1804,-1.468,-0.075825,48.1723,0.773819
351,0.1902,-1.4701,-0.0748625,48.2589,0.7783
352,0.1992,-1.4593,-0.07335,48.3452,0.784488
353,0.2075,-1.4352,-0.0721063,48.4321,0.787412
354,0.215,-1.3974,-0.0703125,48.52,0.794444
355,0.2216,-1.3663,-0.06795,48.6092,0.803238
356,0.2274,-1.3215,-0.0658375,48.699,0.808825
357,0.2322,-1.2624,-0.0627375,48.7905,0.821087
358,0.2361,-1.2096,-0.0598688,48.8838,0.829
359,0.2391,-1.1321,-0.0568313,48.9784,0.838619
360,0.2412,-1.0604,-0.053625,49.0757,0.848744
361,0.2423,-0.9844,-0.0498312,49.1748,0.861888
362,0.2426,-0.9043,-0.0466875,49.2762,0.869369
363,0.2419,-0.8094,-0.0425562,49.3797,0.884725
364,0.2402,-0.7309,-0.0382375,49.4861,0.898244
365,0.2378,-0.6276,-0.0349875,49.5943,0.904787
366,0.2344,-0.5196,-0.03035,49.7057,0.922863
367,0.2303,-0.4384,-0.0267813,49.8202,0.930362
368,0.2253,-0.3224,-0.0222437,49.9363,0.946881
369,0.2197,-0.2332,-0.0187938,50.0561,0.953969
370,0.2133,-0.1198,-0.0143937,50.1778,0.970019
371,0.2063,-0.0335,-0.0106813,50.3029,0.979094
372,0.1987,0.0765,-0.00685625,50.4297,0.990906
373,0.1905,0.1693,-0.00291875,50.5598,1
374,0.1819,0.2649,0.00029375,50.692,1
375,0.1729,0.3634,0.00358125,50.8266,1
376,0.113,0.4437,0.218412,51.6444,1
377,0.0705,0.5259,0.156781,52.1844,1
378,0.0618,5.8966,0.0232125,52.3026,0.668931
379,0.0618,5.8966,-0.0115875,52.3026,0.860838
380,0.0505,1.0166,0.0357312,52.4985,1
381,0.0589,0.1466,-0.0446437,52.5547,0.624944
382,0.0594,1.3296,-0.0131375,52.6485,1
383,0.0701,-0.6798,-0.0559437,52.7746,0.70375
384,0.0859,0.1079,-0.0793063,52.8292,0.691994
385,0.1025,-0.9623,-0.0856187,52.9503,0.724206
386,0.1188,-1.5463,-0.087475,53.0188,0.732006
387,0.1349,-1.7041,-0.0896937,53.0772,0.724263
388,0.1504,-1.7505,-0.0902,53.1406,0.727881
389,0.1654,-1.806,-0.0910125,53.2061,0.724525
390,0.1797,-1.8187,-0.0908938,53.2703,0.727675
391,0.1933,-1.839,-0.0906437,53.335,0.728819
392,0.206,-1.836,-0.089425,53.3992,0.735381
393,0.2178,-1.8298,-0.0880375,53.4638,0.74005
394,0.2285,-1.7993,-0.0856438,53.5289,0.75025
395,0.2381,-1.7646,-0.0830437,53.5953,0.758669
396,0.2467,-1.7048,-0.0806562,53.6628,0.765194
397,0.254,-1.6398,-0.076825,53.7326,0.781019
398,0.2601,-1.5801,-0.0731687,53.8045,0.791463
399,0.2649,-1.4843,-0.0688688,53.8778,0.806294
400,0.2684,-1.3929,-0.064325,53.9548,0.820656
401,0.2707,-1.2854,-0.0599562,54.0343,0.833238
402,0.2717,-1.1718,-0.0549437,54.1172,0.850206
403,0.2714,-1.0626,-0.0496875,54.2033,0.866706
404,0.2698,-0.9373,-0.0441875,54.2925,0.883937
405,0.267,-0.8059,-0.0388625,54.3854,0.899387
406,0.263,-0.6684,-0.0333125,54.4821,0.916713
407,0.2579,-0.5352,-0.0279563,54.5828,0.9322
408,0.2516,-0.3965,-0.021975,54.687,0.952019
409,0.2442,-0.2626,-0.0161875,54.7951,0.9688
410,0.2359,-0.113,-0.0110312,54.9068,0.982375
411,0.2166,0.0316,0.0365875,55.1426,1
412,0.2057,0.1606,0.00503125,55.263,0.920425
413,0.1944,1.351,0.00875,55.3851,1
414,0.1826,0.5621,0.0129625,55.5113,1
415,0.1577,0.6551,0.0700313,55.747,1
416,0.1449,0.7604,0.0240313,55.873,0.934094
417,0.1201,2.1871,0.0766813,56.1217,1
418,0.1081,1.0371,0.0277312,56.2472,0.936344
419,0.0969,2.3534,0.0266313,56.3587,1
420,0.086,1.1296,0.027475,56.4812,1
421,0.0757,1.1021,0.0270062,56.5937,1
422,0.0568,1.1232,0.06495,56.8401,1
423,0.0499,1.1115,0.0182438,56.9643,0.914613
424,0.0576,2.0601,-0.0416,57.0876,0.695669
425,0.0725,0.8924,-0.0731937,57.2114,0.685638
426,0.0841,-0.6037,-0.0621687,57.3187,0.846569
427,0.1163,-1.3935,-0.150606,57.3797,0.3
428,0.1505,-1.1179,-0.165019,57.4296,0.461706
429,0.1838,-3.3288,-0.167662,57.5028,0.489081
430,0.216,-3.6891,-0.1693,57.4728,0.487187
431,0.2466,-3.7552,-0.168638,57.456,0.496075
432,0.3026,-3.7962,-0.280737,57.4391,0
433,0.3275,-3.7796,-0.161006,57.4323,0.876175
434,0.3491,-6.5821,-0.151856,57.4151,0.571881
435,0.368,-3.5888,-0.1446,57.3138,0.587969
436,0.3842,-3.3601,-0.136837,57.3671,0.612775
437,0.3976,-3.1787,-0.12815,57.3905,0.641612
438,0.4081,-2.9846,-0.118519,57.4128,0.673338
439,0.4158,-2.7674,-0.108762,57.44,0.702981
440,0.4206,-2.5266,-0.0980625,57.4742,0.737913
441,0.4225,-2.2827,-0.0868188,57.516,0.773275
442,0.4215,-2.0152,-0.0750312,57.5653,0.810269
443,0.4178,-1.7341,-0.0635375,57.6229,0.843869
444,0.4113,-1.4394,-0.0511187,57.689,0.8839
445,0.4022,-1.1521,-0.0390125,57.7638,0.919281
446,0.3906,-0.8416,-0.0268375,57.8468,0.956013
447,0.3766,-0.539,-0.0146125,57.9389,0.992838
448,0.3603,-0.2346,-0.00235625,58.0393,1
449,0.3419,0.071,0.00949375,58.1482,1
450,0.3216,0.3774,0.0209,58.2654,1
451,0.2997,0.6737,0.0314062,58.3856,1
452,0.2762,0.9588,0.0422125,58.506,1
453,0.2515,1.2215,0.0516438,58.6262,1
454,0.2257,1.4916,0.0608812,58.746,1
455,0.1992,1.7274,0.06865,58.8653,1
456,0.1721,1.9584,0.0761312,58.984,1
457,0.1448,2.1526,0.08205,59.1023,1
458,0.1174,2.3396,0.0875875,59.2201,1
459,0.091,2.4876,0.0885375,59.3374,1
460,0.0708,2.626,0.067525,59.4545,1
461,0.0538,2.6498,0.0579125,59.5714,1
462,0.0439,2.1245,0.0313687,59.689,1
463,0.0371,1.8841,0.0202438,59.8068,1
464,0.031,1.2206,0.0185875,59.925,1
465,0.0256,0.9424,0.0168,60.0431,1
466,0.0208,0.901,0.0153,60.1611,1
467,0.0168,0.8563,0.01285,60.2788,1
468,0.0136,0.8188,0.01025,60.3963,1
469,0.0112,0.7576,0.0075,60.5136,1
470,0.0096,0.6926,0.0046,60.6307,1
471,0.0088,0.6238,0.00155,60.7475,0.9955
472,0.0089,0.5513,-0.00206875,60.864,0.982938
473,0.0098,0.4751,-0.0054375,60.9804,0.973581
474,0.0115,0.3846,-0.00895625,61.0957,0.962575
475,0.0139,0.3004,-0.0122062,61.2084,0.953631
476,0.0171,0.2124,-0.0160063,61.3185,0.940581
477,0.0211,0.1312,-0.0199563,61.4258,0.928281
478,0.0257,0.0362,-0.0232187,61.5307,0.920556
479,0.0309,-0.0626,-0.0265937,61.6324,0.910094
480,0.0367,-0.1441,-0.0300813,61.7309,0.899294
481,0.043,-0.2285,-0.0332625,61.827,0.890669
482,0.0498,-0.3157,-0.0365375,61.9205,0.880562
483,0.0569,-0.3952,-0.0390688,62.0112,0.8752
484,0.0644,-0.4771,-0.042075,62.0995,0.864756
485,0.0721,-0.5404,-0.0443187,62.1851,0.860313
486,0.088,-0.6155,-0.0801,62.3505,0.652356
487,0.096,-0.6716,-0.05,62.4311,0.9403
488,0.1037,-1.5662,-0.0502437,62.5098,0.848538
489,0.1113,-0.8137,-0.0512687,62.5514,0.843119
490,0.125,-0.8198,-0.0782375,62.6351,0.684381
491,-0.173,-0.8454,1,62.7129,1
492,0.188,-1.5196,-1,62.7876,0
493,0.2352,25,-0.2329,62.7993,1
494,0.2862,-24.5637,-0.257663,62.7817,0.3
495,0.3817,-5.3862,-0.453569,62.635,0
496,0.4251,-6.0052,-0.253306,62.7148,0.840869
497,0.4636,-10.9029,-0.240925,62.6474,0.314369
498,0.4978,-5.8963,-0.230138,62.5259,0.34195
499,0.5276,-5.5868,-0.218125,62.5436,0.381663
500,0.5529,-5.3171,-0.204869,62.5006,0.425162
501,0.5733,-5.0168,-0.189094,62.4502,0.480044
502,0.5888,-4.6854,-0.1724,62.4064,0.532881
503,0.5995,-4.291,-0.155206,62.3732,0.585962
504,0.6051,-3.8737,-0.135856,62.3536,0.650481
505,0.6058,-3.4438,-0.116388,62.3478,0.709244
506,0.6017,-2.9601,-0.0964188,62.3557,0.77065
507,0.5928,-2.4734,-0.07555,62.3792,0.835956
508,0.5792,-1.9741,-0.0542,62.4174,0.90145
509,0.5388,-1.4524,0.060575,62.5385,1
510,0.5123,-0.9187,0.00994375,62.6105,0.877937
511,0.4826,1.9507,0.0283125,62.692,1
512,0.4497,0.6849,0.0472812,62.7951,1
513,0.3754,1.1441,0.226812,62.9869,1
514,0.3345,1.6184,0.100881,63.0953,0.92485
515,0.2933,6.1066,0.109806,63.1876,1
516,0.2511,2.9584,0.121719,63.2911,1
517,0.2082,3.1815,0.132562,63.3843,1
518,0.1652,3.4793,0.141025,63.4868,1
519,0.1225,3.7504,0.147831,63.5911,1
520,0.0804,3.962,0.153325,63.6955,1
521,0.0394,4.1321,0.156613,63.7996,1
522,-0.0002,4.2695,0.158437,63.9037,1
523,-0.0379,4.3516,0.157906,64.0075,1
524,-0.0735,4.3973,0.156181,64.1113,1
525,-0.1065,4.384,0.151969,64.2153,1
526,-0.1367,4.3409,0.146431,64.3195,1
527,-0.1639,4.2356,0.139531,64.4241,1
528,-0.1878,4.0971,0.130813,64.529,1
529,-0.2082,3.9246,0.120638,64.6344,1
530,-0.225,3.7066,0.109388,64.7402,1
531,-0.2379,3.4523,0.0962062,64.8464,1
532,-0.2453,3.171,0.0755937,64.9531,1
533,-0.2558,2.8415,0.0899625,65.06,1
534,-0.1897,2.3262,-0.228831,65.1674,0
535,-0.1251,2.6854,-0.234944,65.2741,0.3
536,-0.0586,-5.2844,-0.255012,65.3611,0.3
537,0.0757,-5.4373,-0.551394,65.1835,0
538,0.1421,-5.939,-0.292244,65.0981,0.900719
539,0.206,-13.3485,-0.294225,64.9764,0.3
540,0.2675,-6.8698,-0.296156,64.8232,0.3
541,0.326,-6.9193,-0.295125,64.8254,0.3
542,0.3812,-6.9676,-0.292275,64.764,0.3
543,0.4323,-6.9418,-0.285456,64.6882,0.3
544,0.4789,-6.8705,-0.276194,64.6102,0.3
545,0.5208,-6.7001,-0.26525,64.5332,0.3
546,0.5885,-6.4685,-0.381144,64.3843,0
547,0.6138,-6.1949,-0.216287,64.3122,0.845706
548,0.632,-9.0923,-0.1913,64.2235,0.501063
549,0.6439,-4.9709,-0.168331,64.1035,0.563912
550,0.6496,-4.3462,-0.1446,64.1226,0.637394
551,0.6493,-3.772,-0.120544,64.1178,0.710537
552,0.643,-3.1787,-0.0953625,64.1196,0.789456
553,0.6308,-2.5773,-0.069475,64.1366,0.869238
554,0.613,-1.9477,-0.0437375,64.1707,0.946
555,0.5943,-1.3005,-0.0366313,64.2231,0.911425
556,0.5842,-0.6571,-0.0691375,64.2941,0.695069
557,0.5826,-0.4794,-0.102837,64.383,0.590388
558,0.5793,-1.2921,-0.0954188,64.4707,0.736
559,0.5709,-2.1346,-0.0734437,64.5198,0.845594
560,0.5574,-1.9491,-0.0505125,64.5402,0.917256
561,0.539,-1.3998,-0.0274625,64.579,0.986762
562,0.5159,-0.8265,-0.00433125,64.6416,1
563,0.4886,-0.2502,0.0175875,64.7227,1
564,0.4572,0.3281,0.039875,64.8204,1
565,0.4222,0.876,0.0608375,64.9245,1
566,0.384,1.4332,0.0808,65.03,1
567,0.343,1.9573,0.0996875,65.1352,1
568,0.2997,2.4563,0.117006,65.2395,1
569,0.2547,2.9285,0.132244,65.3428,1
570,0.2084,3.3615,0.146125,65.4449,1
571,0.1614,3.7424,0.157738,65.5458,1
572,0.1141,4.0895,0.167806,65.6457,1
573,0.0672,4.3798,0.175,65.7447,1
574,0.021,4.6315,0.180862,65.8429,1
575,-0.0238,4.8113,0.183663,65.9407,1
576,-0.0668,4.9579,0.184525,66.0382,1
577,-0.1077,5.0279,0.183794,66.1356,1
578,-0.1437,5.0495,0.170944,66.2332,1
579,-0.1906,5.0312,0.223337,66.331,1
580,-0.127,4.7099,-0.230587,66.4301,0
581,-0.0827,6.0198,-0.161694,66.5244,0.7216
582,-0.0366,-5.3284,-0.177537,66.6019,0.419856
583,0.0101,-3.606,-0.188694,66.5148,0.40045
584,0.0567,-4.0021,-0.197031,66.5059,0.383894
585,0.1029,-4.281,-0.204094,66.4653,0.366531
586,0.1481,-4.4894,-0.208569,66.4131,0.360869
587,0.1918,-4.666,-0.210762,66.3554,0.361131
588,0.2336,-4.7779,-0.211,66.2936,0.366287
589,0.2731,-4.8327,-0.209206,66.2306,0.377762
590,0.3099,-4.8387,-0.205306,66.1681,0.395781
591,0.3436,-4.7938,-0.199225,66.1078,0.420569
592,0.3741,-4.6963,-0.192144,66.0511,0.444813
593,0.4009,-4.5443,-0.182369,65.9997,0.482219
594,0.424,-4.3673,-0.1719,65.9552,0.515706
595,0.4431,-4.1229,-0.159481,65.9179,0.558813
596,0.4581,-3.8612,-0.145894,65.89,0.603081
597,0.4689,-3.5507,-0.131119,65.8716,0.650969
598,0.4755,-3.211,-0.115556,65.8642,0.700019
599,0.478,-2.8416,-0.099625,65.8681,0.748919
600,0.4762,-2.4526,-0.0820875,65.8841,0.80635
601,0.4704,-2.0543,-0.065,65.9122,0.856263
602,0.4606,-1.6159,-0.0471625,65.9524,0.912025
603,0.4469,-1.1887,-0.0289938,66.006,0.967525
604,0.4296,-0.7427,-0.01135,66.0719,1
605,0.4088,-0.2885,0.00655,66.1506,1
606,0.3848,0.1526,0.02385,66.2422,1
607,0.3578,0.6001,0.0409125,66.3425,1
608,0.3283,1.0326,0.0564438,66.4452,1
609,0.2965,1.4591,0.0716062,66.5481,1
610,0.2274,1.8474,0.233762,66.7529,1
611,0.1907,2.2265,0.111044,66.8547,0.964975
612,0.1907,2.2265,-0.0357563,66.8547,0.452331
613,0.1534,3.2124,0.120438,66.9542,1
614,0.1146,-0.4576,0.133713,67.05,1
615,0.0755,3.4473,0.142244,67.0548,1
616,0.0368,3.7791,0.1479,67.1255,1
617,-0.0012,3.9924,0.152225,67.2136,1
618,-0.0381,4.1338,0.154744,67.3069,1
619,-0.0795,4.242,0.180506,67.4017,1
620,0.185,4.3049,-1,67.4975,0
621,-0.0754,4.949,1,67.5914,1
622,-0.0395,-24.5637,-0.136194,67.6571,0
623,-0.0002,25,-0.157163,67.47,0.465606
624,0.0392,-2.9685,-0.16495,67.4321,0.481788
625,0.0783,-3.4927,-0.171081,67.3195,0.468363
626,0.1166,-3.6874,-0.175063,67.2602,0.462869
627,0.1538,-3.8407,-0.177637,67.2191,0.459363
628,0.1894,-3.9402,-0.177913,67.181,0.465437
629,0.2231,-4.0046,-0.176631,67.1434,0.47395
630,0.2836,-4.0115,-0.295175,67.0705,0
631,0.3098,-3.9795,-0.162888,67.0361,0.9082
632,0.3318,-6.943,-0.150212,66.9885,0.587388
633,0.3503,-3.6359,-0.139681,66.8755,0.61255
634,0.3766,-3.319,-0.175812,66.9042,0.364169
635,0.3898,-3.0557,-0.125887,66.9068,0.772113
636,0.438,-3.959,-0.274925,66.9101,0
637,0.5171,-2.7109,-0.413356,66.8744,0
638,0.5984,-6.4368,-0.4374,66.8833,0
639,0.6725,-9.8976,-0.422494,66.7485,0
640,0.7388,-10.4987,-0.403725,66.575,0
641,0.7964,-10.126,-0.379725,66.3953,0
642,0.8451,-9.6568,-0.353256,66.2184,0.3
643,0.9138,-9.0568,-0.446137,65.8796,0
644,0.9138,-9.0568,-0.171337,65.8796,1
645,0.9326,-10.7171,-0.250063,65.6996,0.3
646,0.9424,-3.8471,-0.2159,65.5578,0.454787
647,0.9426,-5.8152,-0.177537,65.5858,0.582475
648,0.9149,-4.9612,-0.0607438,65.5117,1
649,0.8872,-4.0021,-0.05555,65.4835,0.848931
650,0.8514,-1.0823,-0.0164375,65.4818,1
651,0.8076,-0.9524,0.023775,65.5582,1
652,0.6984,0.0254,0.30585,65.726,1
653,0.6339,1.0307,0.139144,65.8278,0.917313
654,0.5659,8.0826,0.165894,65.9001,1
655,0.4938,3.9149,0.195812,65.9893,1
656,0.4189,4.5837,0.221056,66.0683,1
657,0.365,5.3316,0.147163,66.1553,1
658,0.3589,5.9627,-0.0428938,66.2428,0.30115
659,0.3844,4.1154,-0.174075,66.3387,0.3
660,0.4074,-0.636,-0.168387,66.4376,0.5119
661,0.4267,-3.9155,-0.157206,66.4052,0.561925
662,0.4421,-3.7734,-0.144494,66.3384,0.604656
663,0.4535,-3.4938,-0.130631,66.301,0.649694
664,0.4609,-3.176,-0.116019,66.282,0.695781
665,0.4643,-2.8295,-0.100656,66.2773,0.744119
666,0.4638,-2.4641,-0.0849625,66.286,0.792194
667,0.4593,-2.0801,-0.0681187,66.3076,0.846175
668,0.4511,-1.6877,-0.0517813,66.3421,0.893669
669,0.4392,-1.2666,-0.03475,66.3893,0.946844
670,0.4239,-0.8582,-0.0182813,66.4498,0.994562
671,0.3836,-0.4324,0.089275,66.6074,1
672,0.3593,-0.0207,0.0298312,66.6963,0.911162
673,0.3962,2.6682,-0.221887,66.8916,0
674,0.4406,1.1821,-0.260212,66.9933,0.3
675,0.4813,-5.1109,-0.253044,67.0628,0.3
676,0.5176,-6.069,-0.24225,66.963,0.305631
677,0.5489,-5.8898,-0.228119,66.8709,0.358037
678,0.5751,-5.6199,-0.212631,66.7831,0.408569
679,0.5959,-5.2666,-0.194931,66.7004,0.468306
680,0.6113,-4.8795,-0.176219,66.6306,0.527481
681,0.621,-4.437,-0.155238,66.5757,0.597231
682,0.6252,-3.9691,-0.134025,66.5373,0.661563
683,0.6238,-3.4446,-0.111363,66.5157,0.7339
684,0.617,-2.9143,-0.0884875,66.5123,0.803163
685,0.6049,-2.3477,-0.0650188,66.5261,0.87535
686,0.5877,-1.7759,-0.0413938,66.558,0.946694
687,0.5656,-1.1891,-0.01765,66.6072,1
688,0.5389,-0.5985,0.00575625,66.6738,1
689,0.5079,-0.0049,0.0287688,66.7574,1
690,0.473,0.5802,0.0509125,66.8545,1
691,0.4345,1.1556,0.0725312,66.9553,1
692,0.393,1.7091,0.0923125,67.0567,1
693,0.3489,2.2496,0.110981,67.1575,1
694,0.3027,2.7441,0.128044,67.2574,1
695,0.2549,3.2109,0.143406,67.356,1
696,0.2062,3.6374,0.156138,67.4535,1
697,0.1617,4.0215,0.147681,67.5498,1
698,0.1717,4.3398,-0.0721937,67.6451,0.3
699,0.2363,4.1284,-0.302706,67.741,0
700,0.3409,-1.3685,-0.482319,67.8375,0
701,0.4424,-7.1313,-0.48895,67.7854,0
702,0.5394,-11.6216,-0.489137,67.6186,0
703,0.6311,-11.7874,-0.485131,67.4171,0
704,0.7166,-11.7921,-0.476363,67.2069,0
705,0.7951,-11.692,-0.463081,66.9963,0
706,0.8658,-11.4727,-0.445137,66.789,0
707,0.9281,-11.1407,-0.423219,66.5873,0
708,0.9814,-10.6921,-0.397213,66.3926,0
709,1.0251,-10.1441,-0.367006,66.2059,0
710,1.059,-9.494,-0.334163,66.028,0.3
711,1.0828,-8.7388,-0.298225,65.8591,0.3
712,1.0964,-7.9177,-0.259975,65.6988,0.334825
713,1.0999,-7.0193,-0.220231,65.5957,0.458537
714,1.0934,-6.063,-0.179012,65.5149,0.586619
715,1.0772,-5.0694,-0.137175,65.45,0.713987
716,1.0525,-4.039,-0.0985438,65.4135,0.820262
717,1.0418,-2.993,-0.152538,65.4088,0.380406
718,1.0517,-2.0273,-0.236794,65.4354,0.3
719,1.0629,-3.3771,-0.244094,65.4858,0.3
720,1.0646,-5.4835,-0.206413,65.4577,0.493806
721,1.0386,-5.666,-0.0907375,65.3241,1
722,1.0111,-4.724,-0.0795813,65.2543,0.794725
723,0.975,-1.8321,-0.0384125,65.2257,1
724,0.9305,-1.5532,0.00353125,65.2949,1
725,0.8783,-0.524,0.0441188,65.3544,1
726,0.8189,0.5246,0.0840563,65.4465,1
727,0.7532,1.5393,0.121575,65.547,1
728,0.6818,2.5377,0.157763,65.6488,1
729,0.6057,3.4757,0.190831,65.7498,1
730,0.5257,4.3804,0.221431,65.8467,1
731,0.4882,5.2071,0.0584625,65.94,0.686481
732,0.4868,5.9721,-0.085675,66.0297,0.310563
733,0.5256,1.8979,-0.25375,66.1294,0
734,0.5637,-1.7055,-0.258094,66.1735,0.3
735,0.5966,-5.9074,-0.243463,66.113,0.313506
736,0.624,-6.016,-0.2266,65.974,0.370788
737,0.6456,-5.6502,-0.20745,65.8688,0.4351
738,0.6613,-5.2287,-0.186794,65.7797,0.501587
739,0.6711,-4.7499,-0.165031,65.7087,0.570194
740,0.6749,-4.2335,-0.141744,65.6574,0.644631
741,0.6729,-3.6895,-0.118169,65.6258,0.716219
742,0.665,-3.1073,-0.0930875,65.614,0.795981
743,0.6516,-2.5179,-0.068575,65.6223,0.867813
744,0.6328,-1.8909,-0.04345,65.65,0.945025
745,0.6089,-1.278,-0.0185687,65.6974,1
746,0.5802,-0.6499,0.0060125,65.7631,1
747,0.5471,-0.0279,0.0298188,65.8472,1
748,0.5098,0.5866,0.0536125,65.9458,1
749,0.4689,1.1818,0.0756813,66.0488,1
750,0.4247,1.7766,0.0971687,66.1518,1
751,0.3779,2.3284,0.116344,66.2544,1
752,0.3289,2.8656,0.134331,66.3561,1
753,0.2783,3.3449,0.150219,66.4567,1
754,0.2267,3.7946,0.163894,66.5561,1
755,0.1746,4.1918,0.175663,66.6543,1
756,0.1226,4.5337,0.185013,66.7514,1
757,0.0745,4.8279,0.178431,66.8476,1
758,0.0689,5.0616,0.00948125,66.943,0.521594
759,0.1027,4.8971,-0.154456,67.0392,0.3
760,0.1764,0.6734,-0.327875,67.1402,0
761,0.2493,-3.4251,-0.338344,67.148,0
762,0.3198,-7.7605,-0.341962,67.0651,0
763,0.387,-8.0223,-0.341363,66.9073,0
764,0.4501,-8.1127,-0.336794,66.7314,0.3
765,0.5087,-8.0977,-0.329781,66.5522,0.3
766,0.5621,-7.9835,-0.318994,66.3749,0.3
767,0.6098,-7.8082,-0.305137,66.2509,0.3
768,0.6513,-7.5385,-0.288119,66.1472,0.3
769,0.6865,-7.1921,-0.269519,66.0534,0.3
770,0.7148,-6.7666,-0.247225,65.9661,0.325206
771,0.7363,-6.3016,-0.224056,65.8841,0.397338
772,0.7507,-5.7443,-0.198356,65.8068,0.482031
773,0.7581,-5.1651,-0.171744,65.7378,0.564606
774,0.7585,-4.5226,-0.143819,65.686,0.652319
775,0.7521,-3.8573,-0.115419,65.6556,0.738944
776,0.7389,-3.1591,-0.0857438,65.647,0.831794
777,0.7192,-2.4491,-0.05605,65.6603,0.920931
778,0.6933,-1.7073,-0.0263938,65.6953,1
779,0.6615,-0.9649,0.00316875,65.7523,1
780,0.6255,-0.2235,0.0267188,65.8307,1
781,0.6025,0.5156,-0.0209688,65.9279,0.794031
782,0.5974,1.1043,-0.0916125,66.0295,0.513231
783,0.5965,-0.0879,-0.108244,66.1332,0.625375
784,0.5905,-1.854,-0.0867187,66.2012,0.804419
785,0.5794,-2.2698,-0.0642375,66.2096,0.874731
786,0.5633,-1.7316,-0.0412187,66.2219,0.9454
787,0.5425,-1.1696,-0.0185187,66.2663,1
788,0.5173,-0.5941,0.00380625,66.3317,1
789,0.4879,-0.0266,0.0261187,66.4149,1
790,0.4546,0.5315,0.0479625,66.5124,1
791,0.418,1.0893,0.068025,66.6138,1
792,0.3784,1.6354,0.08745,66.7164,1
793,0.3362,2.137,0.105763,66.818,1
794,0.2921,2.6226,0.121631,66.9191,1
795,0.2464,3.0804,0.1366,67.0191,1
796,0.2478,3.4771,-0.0520625,67.1181,0.3
797,0.2567,3.8513,-0.0837312,67.2165,0.6538
798,0.289,-0.8652,-0.183387,67.3152,0.3
799,0.32,-1.6569,-0.184,67.2943,0.446162
800,0.348,-4.1484,-0.17725,67.2889,0.4885
801,0.3728,-4.1637,-0.1691,67.2284,0.51715
802,0.3941,-3.9949,-0.159094,67.1797,0.552738
803,0.4117,-3.7912,-0.147594,67.143,0.591719
804,0.4256,-3.541,-0.1354,67.1162,0.630381
805,0.4356,-3.2535,-0.121675,67.0998,0.67615
806,0.4416,-2.9487,-0.1068,67.0943,0.724225
807,0.4438,-2.6055,-0.0920125,67.0996,0.768325
808,0.4422,-2.2337,-0.0765125,67.1167,0.816962
809,0.4368,-1.864,-0.0603,67.1464,0.867737
810,0.4277,-1.4765,-0.0437938,67.1873,0.918138
811,0.415,-1.0712,-0.0270125,67.2402,0.969306
812,0.399,-0.6585,-0.0108125,67.3054,1
813,0.3799,-0.239,0.00516875,67.3828,1
814,0.3578,0.166,0.0213125,67.4725,1
815,0.3331,0.5656,0.0363437,67.5702,1
816,0.306,0.9691,0.051025,67.6705,1
817,0.2768,1.3449,0.0649,67.7713,1
818,0.2458,1.712,0.0779125,67.8719,1
819,0.2136,2.0588,0.08875,67.972,1
820,0.1803,2.3841,0.0993938,68.0714,1
821,0.1464,2.6551,0.10815,68.1703,1
822,0.1122,2.9212,0.115763,68.2684,1
823,0.0782,3.1401,0.121337,68.366,1
824,0.0448,3.3304,0.1252,68.4631,1
825,0.0122,3.4698,0.128112,68.5597,1
826,-0.0336,3.5663,0.1895,68.6561,1
827,-0.0177,3.6391,-0.0602812,68.7522,0.3
828,0.0171,5.1738,-0.142406,68.8431,0.326406
829,0.0504,-1.0707,-0.14265,68.9381,0.571319
830,0.0835,-3.1238,-0.148056,68.9106,0.539612
831,0.1161,-3.1299,-0.152169,68.8516,0.531156
832,0.1478,-3.2651,-0.154512,68.8243,0.529431
833,0.1783,-3.3679,-0.155431,68.8011,0.53095
834,0.2074,-3.4265,-0.155288,68.7782,0.534569
835,0.2346,-3.4495,-0.152788,68.7556,0.549138
836,0.2597,-3.4459,-0.149094,68.7341,0.5638
837,0.2825,-3.3834,-0.144169,68.714,0.582269
838,0.3028,-3.291,-0.137975,68.6976,0.604656
839,0.3204,-3.1679,-0.130475,68.6853,0.631075
840,0.3351,-3.013,-0.121631,68.6781,0.661638
841,0.3468,-2.8255,-0.111825,68.6767,0.693944
842,0.3554,-2.6044,-0.101037,68.682,0.72925
843,0.3609,-2.3593,-0.0896688,68.695,0.7651
844,0.3633,-2.0896,-0.0777188,68.7162,0.802694
845,0.3626,-1.8054,-0.0651875,68.746,0.842031
846,0.3588,-1.5066,-0.052075,68.7846,0.883112
847,0.352,-1.1934,-0.0388,68.8323,0.923425
848,0.3523,-0.8655,-0.0672563,68.8895,0.712862
849,0.3687,-0.5337,-0.134731,68.9564,0.393381
850,0.3959,-1.2451,-0.183031,69.0321,0.306006
851,0.4295,-2.9319,-0.214931,69.0728,0.3
852,0.4593,-4.1394,-0.205319,69.0454,0.412881
853,0.4843,-4.9369,-0.190806,68.9801,0.471119
854,0.5044,-4.6966,-0.174975,68.9046,0.522569
855,0.5193,-4.3338,-0.156969,68.8465,0.583112
856,0.5292,-3.938,-0.138825,68.8049,0.637956
857,0.5338,-3.4879,-0.118488,68.7783,0.70555
858,0.5333,-3.0343,-0.0979937,68.7676,0.7675
859,0.5278,-2.5259,-0.0769625,68.7716,0.832206
860,0.5173,-2.0135,-0.0549937,68.7922,0.900925
861,0.502,-1.4877,-0.032925,68.8284,0.967431
862,0.4822,-0.9385,-0.0112125,68.8804,1
863,0.4581,-0.3868,0.0105063,68.9484,1
864,0.4299,0.156,0.0321938,69.0321,1
865,0.3982,0.699,0.0521375,69.1257,1
866,0.3631,1.2412,0.0723188,69.222,1
867,0.1509,1.7398,0.820506,69.7064,1
868,0.0542,2.2443,0.376638,69.8985,0.798306
869,0.0073,20.949,0.186231,69.9373,0.987475
870,-0.0366,9.8523,0.182462,69.9527,1
871,-0.0782,5.0921,0.181063,69.9921,1
872,-0.1173,4.9979,0.178394,70.0652,1
873,-0.1533,4.9629,0.172744,70.1499,1
874,-0.186,4.8962,0.165675,70.2383,1
875,-0.215,4.7549,0.156312,70.3285,1
876,-0.2399,4.5782,0.144581,70.4199,1
877,-0.2566,4.3441,0.114912,70.5119,1
878,-0.2851,4.0509,0.167456,70.6048,1
879,-0.2395,3.3091,-0.137494,70.6992,0
880,-0.2025,4.6227,-0.110031,70.7906,0.752294
881,-0.1615,-3.001,-0.133719,70.8757,0.527781
882,-0.1174,-2.3144,-0.154388,70.7987,0.474831
883,-0.0714,-2.9066,-0.170613,70.793,0.439488
884,-0.0241,-3.4234,-0.184681,70.7704,0.40375
885,0.0239,-3.829,-0.196481,70.7334,0.375156
886,0.0721,-4.1807,-0.206319,70.6856,0.351531
887,0.1198,-4.4757,-0.213263,70.6284,0.339381
888,0.1666,-4.7216,-0.218437,70.5634,0.329163
889,0.2119,-4.8952,-0.220931,70.4923,0.329725
890,0.2551,-5.0246,-0.220631,70.4176,0.339006
891,0.2959,-5.0869,-0.218681,70.3407,0.349806
892,0.3338,-5.0795,-0.214187,70.2639,0.370919
893,0.3684,-5.0307,-0.207475,70.1895,0.397712
894,0.3993,-4.9184,-0.198469,70.1185,0.431613
895,0.4263,-4.7505,-0.187931,70.0531,0.467819
896,0.4492,-4.5254,-0.175825,69.9949,0.508844
897,0.4677,-4.262,-0.161694,69.9457,0.557312
898,0.4816,-3.9593,-0.1459,69.9061,0.609681
899,0.491,-3.606,-0.129663,69.8772,0.659725
900,0.4958,-3.2112,-0.112163,69.8604,0.716012
901,0.4959,-2.8052,-0.0933812,69.8568,0.7762
902,0.4914,-2.3677,-0.0741375,69.8658,0.835319
903,0.4824,-1.8982,-0.05445,69.8885,0.895713
904,0.4691,-1.4171,-0.0347563,69.9255,0.954812
905,0.4516,-0.9249,-0.014675,69.9767,1
906,0.4301,-0.4326,0.00535625,70.042,1
907,0.4049,0.0695,0.0248813,70.1211,1
908,0.3763,0.5702,0.0438437,70.2115,1
909,0.3446,1.0584,0.0621875,70.3052,1
910,0.3103,1.5324,0.0790187,70.3994,1
911,0.2737,1.991,0.0950813,70.4931,1
912,0.2354,2.4118,0.109063,70.586,1
913,0.1958,2.8134,0.121687,70.678,1
914,0.1553,3.1629,0.132881,70.7691,1
915,0.1145,3.4785,0.141731,70.8592,1
916,0.0738,3.7584,0.148962,70.9485,1
917,0.0337,3.9796,0.154081,71.0372,1
918,-0.0052,4.1604,0.156575,71.1255,1
919,-0.0426,4.2884,0.157588,71.2135,1
920,-0.078,4.3507,0.156225,71.3013,1
921,-0.111,4.376,0.152813,71.3893,1
922,-0.1413,4.342,0.147694,71.4776,1
923,-0.1685,4.2566,0.140394,71.5662,1
924,-0.1922,4.1287,0.130837,71.6554,1
925,-0.2124,3.9462,0.120625,71.7451,1
926,-0.2248,3.7073,0.09175,71.8355,1
927,-0.3505,3.452,0.568519,71.9265,1
928,-0.7291,2.7301,1,72.0186,1
929,-0.5304,14.6493,-0.69535,71.999,0
930,0.3593,25,-1,72.0952,0
931,0.2246,-16.9474,0.496688,72.11,1
932,0.1532,-24.5637,0.256875,71.9207,1
933,0.1822,12.8535,-0.150162,71.5639,0
934,0.2671,6.8582,-0.389681,71.5929,0
935,0.3639,-3.3177,-0.455431,71.6589,0
936,0.4617,-9.3057,-0.477769,71.496,0
937,0.5581,-10.9495,-0.490244,71.2876,0
938,0.6521,-11.5079,-0.498269,71.0705,0
939,0.7425,-11.8198,-0.500819,70.854,0
940,0.8285,-12.0204,-0.499344,70.6405,0
941,0.9091,-12.0841,-0.492856,70.4305,0
942,0.9834,-12.0473,-0.481588,70.2241,0
943,1.0506,-11.8851,-0.465787,70.0217,0
944,1.1098,-11.6034,-0.444887,69.8237,0
945,1.1604,-11.2084,-0.419975,69.6309,0
946,1.2018,-10.6859,-0.390937,69.4443,0
947,1.2335,-10.063,-0.358081,69.2645,0.3
948,1.255,-9.3371,-0.321312,69.0922,0.3
949,1.2663,-8.5157,-0.282631,68.9272,0.3
950,1.2671,-7.5965,-0.240781,68.8166,0.403206
951,1.2576,-6.6294,-0.1978,68.7291,0.535544
952,1.2379,-5.5832,-0.153306,68.6522,0.673563
953,1.2082,-4.5087,-0.107737,68.598,0.813494
954,1.1689,-3.3963,-0.0619688,68.5742,0.9514
955,1.1203,-2.2571,-0.0156563,68.5832,1
956,1.063,-1.1129,0.0298875,68.6248,1
957,0.9977,0.0449,0.0741312,68.6978,1
958,0.9251,1.1835,0.116944,68.7861,1
959,0.8459,2.2896,0.158194,68.877,1
960,0.7613,3.3599,0.195656,68.9662,1
961,0.672,4.3912,0.2312,69.052,1
962,0.5792,5.3277,0.2626,69.1339,1
963,0.4838,6.2163,0.290888,69.2117,1
964,0.387,7.0013,0.314638,69.2856,1
965,0.2898,7.7085,0.334463,69.356,1
966,0.1933,8.3023,0.349756,69.4236,1
967,0.0986,8.7979,0.360313,69.489,1
968,0.0066,9.1802,0.366762,69.553,1
969,-0.0816,9.4441,0.3681,69.6165,1
970,-0.1651,9.6054,0.364956,69.6802,1
971,-0.243,9.6388,0.357162,69.7451,1
972,-0.3145,9.5602,0.344969,69.8121,1
973,-0.3789,9.3654,0.328644,69.8818,1
974,-0.4356,9.0606,0.308475,69.9548,1
975,-0.4839,8.6524,0.283931,70.0315,1
976,-0.5235,8.1482,0.256556,70.1121,1
977,-0.5541,7.5346,0.226294,70.1965,1
978,-0.5754,6.8502,0.193087,70.2845,1
979,-0.5875,6.0937,0.158556,70.3757,1
980,-0.5901,5.2635,0.121044,70.4694,1
981,-0.5835,4.4002,0.0830063,70.5648,1
982,-0.5679,3.4624,0.0440812,70.6615,1
983,-0.5434,2.5115,0.0038875,70.7586,0.891081
984,-0.5105,1.5384,-0.0358813,70.8555,0.77305
985,-0.4697,0.5335,-0.0751312,70.9514,0.656856
986,-0.4216,-0.4607,-0.11335,71.0283,0.545294
987,-0.3669,-1.4419,-0.150006,71.078,0.440013
988,-0.3065,-2.3974,-0.184131,71.0976,0.345231
989,-0.2412,-3.3138,-0.215975,71.0868,0.3
990,-0.1719,-4.1669,-0.244969,71.0466,0.3
991,-0.0996,-4.963,-0.270525,70.9792,0.3
992,-0.0252,-5.6879,-0.292875,70.8938,0.3
993,0.0504,-6.3268,-0.31185,70.801,0.3
994,0.1261,-6.8855,-0.326444,70.7044,0
995,0.2011,-7.3599,-0.337706,70.6056,0
996,0.2744,-7.7248,-0.34465,70.506,0
997,0.3451,-8.0063,-0.347506,70.3576,0
998,0.4126,-8.1799,-0.347363,70.1944,0
999,0.4759,-8.2513,-0.342431,70.0269,0
1000,0.5344,-8.2477,-0.3342,69.8591,0.3
1001,0.5875,-8.1244,-0.322556,69.6929,0.3
1002,0.6347,-7.9187,-0.307806,69.5292,0.3
1003,0.6756,-7.6276,-0.290275,69.4157,0.3
1004,0.7098,-7.2588,-0.269888,69.322,0.3
1005,0.737,-6.8205,-0.246987,69.2369,0.327738
1006,0.757,-6.3109,-0.221938,69.1566,0.409337
1007,0.7698,-5.7384,-0.195538,69.0798,0.492587
1008,0.7752,-5.1121,-0.16695,69.0102,0.584913
1009,0.7733,-4.4521,-0.137394,68.9576,0.676487
1010,0.7641,-3.7374,-0.106469,68.9252,0.773369
1011,0.748,-2.9985,-0.07585,68.9149,0.864306
1012,0.7249,-2.2254,-0.0435187,68.927,0.966438
1013,0.6953,-1.4599,-0.0119688,68.962,1
1014,0.6596,-0.6516,0.019125,69.0186,1
1015,0.6181,0.1371,0.0501062,69.0977,1
1016,0.5714,0.9145,0.0796625,69.1883,1
1017,0.52,1.689,0.1081,69.2814,1
1018,0.4646,2.4279,0.134488,69.374,1
1019,0.4059,3.1388,0.158694,69.4648,1
1020,0.3446,3.7985,0.180587,69.5536,1
1021,0.2815,4.4037,0.199619,69.6403,1
1022,0.2172,4.951,0.216475,69.7248,1
1023,0.1526,5.4268,0.229787,69.8076,1
1024,0.0884,5.8482,0.240225,69.8889,1
1025,0.0253,6.181,0.247656,69.969,1
1026,-0.0358,6.442,0.251113,70.0485,1
1027,-0.0944,6.6277,0.2521,70.1277,1
1028,-0.1497,6.7141,0.249269,70.2072,1
1029,-0.2011,6.7388,0.243306,70.2874,1
1030,-0.2481,6.6681,0.234519,70.3687,1
1031,-0.2901,6.519,0.222394,70.4514,1
1032,-0.3269,6.2993,0.208494,70.5357,1
1033,-0.3578,5.9962,0.190687,70.6218,1
1034,-0.3828,5.6487,0.171775,70.7097,1
1035,-0.4016,5.2035,0.1505,70.7993,1
1036,-0.4139,4.7307,0.126806,70.8906,1
1037,-0.4198,4.1988,0.102313,70.9832,1
1038,-0.4193,3.6065,0.0766187,71.0769,1
1039,-0.4123,2.9941,0.0493062,71.1714,1
1040,-0.3991,2.3518,0.0220313,71.2664,0.984269
1041,-0.3798,1.669,-0.0059875,71.3614,0.897981
1042,-0.3238,0.9871,-0.163288,71.5482,0.3
1043,-0.2876,0.2866,-0.090875,71.639,0.944613
1044,-0.2477,-3.6459,-0.113156,71.7056,0.593687
1045,-0.204,-1.8355,-0.13655,71.6751,0.520169
1046,-0.157,-2.3926,-0.158562,71.7172,0.458275
1047,-0.1073,-2.9774,-0.178681,71.7231,0.4036
1048,-0.0556,-3.5277,-0.196375,71.7045,0.357794
1049,-0.0026,-4.0307,-0.211512,71.6668,0.32005
1050,0.0511,-4.473,-0.224381,71.6132,0.3
1051,0.158,-4.8515,-0.457225,71.4701,0
1052,0.21,-5.1732,-0.247375,71.39,0.887425
1053,0.2585,-10.9943,-0.242469,71.2696,0.3
1054,0.3042,-5.748,-0.239838,71.1284,0.3
1055,0.3467,-5.6254,-0.235006,71.1205,0.309475
1056,0.3854,-5.5596,-0.227063,71.0603,0.342644
1057,0.4201,-5.4388,-0.217569,70.985,0.375775
1058,0.4503,-5.2402,-0.205231,70.9074,0.421319
1059,0.4758,-5.0029,-0.191213,70.8352,0.468419
1060,0.4965,-4.6944,-0.175894,70.7712,0.518275
1061,0.5121,-4.344,-0.158419,70.7182,0.577169
1062,0.5226,-3.961,-0.139987,70.6772,0.635331
1063,0.5279,-3.5241,-0.120181,70.649,0.698875
1064,0.5285,-3.0634,-0.101494,70.6351,0.751581
1065,0.528,-2.5682,-0.097,70.6357,0.722481
1066,0.5349,-2.101,-0.127894,70.6516,0.523638
1067,0.5621,-1.9887,-0.214194,70.6809,0.3
1068,0.6232,-2.761,-0.36125,70.7087,0
1069,0.727,-4.9185,-0.551513,70.6974,0
1070,0.8755,-8.5949,-0.758156,70.6164,0
1071,0.4804,-13.3515,1,70.4361,1
1072,0.3542,-18.5176,0.438387,70.2188,0.630325
1073,0.3119,25,0.110719,70.0417,0.34915
1074,0.267,11.396,0.129537,69.9168,1
1075,0.2181,3.2043,0.154706,69.8768,1
1076,0.1657,3.6748,0.178531,69.818,1
1077,0.1107,4.304,0.199244,69.858,1
1078,0.0539,4.8996,0.217094,69.9253,1
1079,-0.0041,5.4174,0.232769,70.0003,1
1080,-0.1201,5.8637,0.486519,70.1562,1
1081,-0.1767,6.2556,0.259531,70.2349,1
1082,-0.23,12.5993,0.256325,70.2694,1
1083,-0.2802,6.9246,0.253337,70.3427,1
1084,-0.3266,6.8445,0.246837,70.4208,1
1085,-0.3688,6.7698,0.23795,70.5011,1
1086,-0.4062,6.6073,0.225762,70.5832,1
1087,-0.4384,6.3851,0.211,70.6669,1
1088,-0.465,6.0804,0.193588,70.7526,1
1089,-0.4856,5.7113,0.17345,70.84,1
1090,-0.5001,5.276,0.151769,70.9293,1
1091,-0.5083,4.7726,0.128106,71.0202,1
1092,-0.5102,4.2306,0.103263,71.1126,1
1093,-0.5056,3.639,0.0764,71.206,1
1094,-0.4948,3.0179,0.049575,71.3002,1
1095,-0.4777,2.3463,0.0211687,71.3949,0.978288
1096,-0.4546,1.6757,-0.0071625,71.4897,0.893519
1097,-0.4258,0.9656,-0.0353625,71.5842,0.809313
1098,-0.3915,0.2573,-0.0637937,71.6747,0.723325
1099,-0.352,-0.4477,-0.092,71.6927,0.639381
1100,-0.3072,-1.1585,-0.1216,71.6492,0.5464
1101,-0.262,-1.8637,-0.131675,71.5975,0.57475
1102,-0.2166,-2.6037,-0.140988,71.6309,0.5491
1103,-0.1714,-2.8555,-0.148662,71.7856,0.530988
1104,-0.1098,-3.0884,-0.225812,71.8137,0.3
1105,-0.0471,-3.2802,-0.241969,71.7159,0.3
1106,0.0152,-5.209,-0.25205,71.6152,0.3
1107,0.0765,-5.6129,-0.259544,71.5096,0.3
1108,0.1369,-5.8649,-0.267269,71.6176,0.3
1109,0.1953,-6.0523,-0.270219,71.5233,0.3
1110,0.2512,-6.2454,-0.2707,71.425,0.3
1111,0.3037,-6.3191,-0.266944,71.329,0.3
1112,0.3539,-6.3312,-0.267156,71.2347,0.3
1113,0.4135,-6.2373,-0.315931,71.1419,0
1114,0.4817,-6.2426,-0.363119,71.0503,0
1115,0.5476,-7.462,-0.366275,70.9547,0
1116,0.632,-8.6416,-0.4561,70.8088,0
1117,0.7092,-8.7205,-0.441775,70.6476,0
1118,0.7779,-10.9662,-0.420656,70.4652,0
1119,0.8375,-10.608,-0.395431,70.2816,0
1120,0.8872,-10.0801,-0.36515,70.1012,0
1121,0.9269,-9.4495,-0.332594,69.9266,0.3
1122,0.956,-8.6924,-0.29565,69.7586,0.3
1123,0.9745,-7.8785,-0.256719,69.5972,0.346637
1124,0.9825,-6.9549,-0.216219,69.4894,0.472844
1125,0.9799,-5.9816,-0.173331,69.4037,0.608669
1126,0.967,-4.9691,-0.129712,69.3352,0.741719
1127,0.9441,-3.8969,-0.0854188,69.295,0.876625
1128,0.9115,-2.8065,-0.0405062,69.2869,1
1129,0.8697,-1.6991,0.00413125,69.3103,1
1130,0.8194,-0.5763,0.0475625,69.3652,1
1131,0.7611,0.5396,0.0904938,69.4498,1
1132,0.6958,1.6254,0.130738,69.5422,1
1133,0.6243,2.6987,0.168944,69.6325,1
1134,0.5475,3.7048,0.204544,69.7193,1
1135,0.4665,4.6599,0.236531,69.8025,1
1136,0.3822,5.5499,0.265538,69.884,1
1137,0.2958,6.3496,0.290137,69.9615,1
1138,0.2082,7.0748,0.311363,70.0339,1
1139,0.1205,7.6898,0.328206,70.1028,1
1140,0.0448,8.2204,0.2944,70.1692,1
1141,-0.0056,8.6415,0.20265,70.2339,1
1142,-0.029,7.7963,0.0990375,70.3055,0.986275
1143,-0.0437,5.5026,0.0669938,70.3904,1
1144,-0.0562,2.9123,0.0605375,70.4829,1
1145,-0.0667,2.1112,0.0545062,70.5751,1
1146,-0.0751,1.9498,0.0476813,70.6693,1
1147,-0.0812,1.799,0.039625,70.7641,1
1148,-0.0849,1.6284,0.0307188,70.8592,1
1149,-0.0863,1.427,0.0217812,70.9543,1
1150,-0.0854,1.2043,0.0124125,71.0493,1
1151,-0.0821,0.9809,0.00219375,71.1441,0.975925
1152,-0.0766,0.7466,-0.0076375,71.2386,0.947594
1153,-0.0688,0.4912,-0.0183,71.3329,0.913112
1154,-0.059,0.2454,-0.0281375,71.423,0.886075
1155,-0.0472,-0.0212,-0.03835,71.5071,0.854313
1156,-0.0337,-0.2671,-0.0476812,71.5833,0.828963
1157,-0.0185,-0.5224,-0.0573313,71.6523,0.799056
1158,-0.0019,-0.7557,-0.0660437,71.7137,0.775731
1159,0.0159,-0.9969,-0.0741813,71.7682,0.753044
1160,0.0346,-1.2148,-0.0812875,71.8152,0.734819
1161,0.0541,-1.4182,-0.0881438,71.8559,0.715
1162,0.0741,-1.5959,-0.0938937,71.8905,0.701069
1163,0.0944,-1.7673,-0.0989,71.9199,0.688281
1164,0.1348,-1.911,-0.186875,71.9655,0.3
1165,0.1545,-2.0362,-0.107769,71.9849,0.914013
1166,0.1545,-2.0362,-0.0289688,71.9849,1
1167,0.1975,-2.2579,-0.209031,72.0014,0
1168,0.2528,-0.2879,-0.2686,72.0553,0.3
1169,0.3525,-4.7895,-0.464894,72.1245,0
1170,0.4491,-6.2787,-0.470606,72.0304,0
1171,0.5409,-11.186,-0.468619,71.902,0
1172,0.6266,-11.3288,-0.460288,71.7173,0
1173,0.7055,-11.2791,-0.447881,71.518,0
1174,0.7766,-11.0709,-0.430012,71.3165,0
1175,0.839,-10.7607,-0.406913,71.1164,0
1176,0.8922,-10.314,-0.380088,70.9217,0
1177,0.9355,-9.7365,-0.348606,70.7353,0.3
1178,0.9687,-9.0659,-0.314431,70.5572,0.3
1179,0.9914,-8.2788,-0.276687,70.3876,0.3
1180,1.0522,-7.4245,-0.440488,70.2728,0
1181,1.1694,-6.4809,-0.688062,70.1811,0
1182,1.2953,-10.5759,-0.746469,70.0673,0
1183,1.4075,-16.7652,-0.712706,69.8668,0
1184,1.5052,-18.2254,-0.673025,69.6362,0
1185,1.5876,-17.3813,-0.627275,69.3962,0
1186,1.654,-16.3893,-0.575725,69.1589,0
1187,1.7037,-15.2455,-0.518244,68.9296,0
1188,1.7362,-13.9568,-0.455537,68.7139,0
1189,1.7513,-12.5198,-0.388769,68.5152,0.3
1190,1.7491,-10.9521,-0.319156,68.3339,0.3
1191,1.7299,-9.2829,-0.247556,68.1677,0.472131
1192,1.6942,-7.5426,-0.174862,68.0622,0.693494
1193,1.6426,-5.7526,-0.101588,67.982,0.915062
1194,1.5758,-3.9352,-0.0282625,67.941,1
1195,1.4948,-2.1034,0.043725,67.9495,1
1196,1.4005,-0.2702,0.114606,68.0123,1
1197,1.2958,1.5295,0.175838,68.0981,1
1198,1.2263,3.3015,0.0480688,68.1855,0.7609
1199,1.219,4.8323,-0.199363,68.2716,0
1200,1.237,1.6381,-0.303938,68.3655,0
1201,1.2439,-4.5477,-0.260831,68.4068,0.346825
1202,1.2388,-7.1621,-0.211875,68.288,0.511244
1203,1.2219,-6.0844,-0.161506,68.1371,0.666587
1204,1.1936,-4.8605,-0.1106,68.0408,0.820919
1205,1.1542,-3.6013,-0.0588125,67.9935,0.978925
1206,1.1046,-2.3287,-0.0087125,67.9903,1
1207,1.0454,-1.034,0.0407875,68.0298,1
1208,0.9772,0.2185,0.089575,68.1053,1
1209,0.901,1.456,0.135862,68.1941,1
1210,0.893,2.6757,-0.135437,68.286,0
1211,0.9927,3.8329,-0.584931,68.3809,0
1212,1.1201,-2.9496,-0.719619,68.4679,0
1213,1.2378,-14.187,-0.702887,68.3266,0
1214,1.3452,-17.5541,-0.681825,68.1112,0
1215,1.4417,-17.1359,-0.656319,67.8643,0
1216,1.527,-16.6093,-0.627512,67.6131,0
1217,1.6004,-15.9716,-0.593675,67.3646,0
1218,1.6614,-15.2515,-0.555512,67.1209,0
1219,1.7094,-14.4055,-0.512513,66.8837,0
1220,1.744,-13.4515,-0.4654,66.6541,0
1221,1.7645,-12.3765,-0.412844,66.4319,0
1222,1.7709,-11.1987,-0.357644,66.2247,0.3
1223,1.7632,-9.8848,-0.2998,66.0347,0.3
1224,1.7414,-8.5048,-0.239312,65.8612,0.463525
1225,1.7061,-7.0587,-0.178694,65.7506,0.645775
1226,1.6599,-5.5465,-0.126431,65.6677,0.777494
1227,1.6509,-4.031,-0.273544,65.6245,0
1228,1.6812,-2.7245,-0.436425,65.6271,0
1229,1.7948,-6.4023,-0.790925,65.5375,0
1230,1.8308,-10.4743,-0.487275,65.3628,0.449125
1231,1.852,-19.3368,-0.43205,65.1488,0
1232,1.8581,-11.7455,-0.372794,64.9249,0.3
1233,1.8596,-10.3649,-0.354675,64.7959,0
1234,1.8456,-8.8835,-0.29005,64.6286,0.323725
1235,1.8161,-8.4305,-0.222519,64.5054,0.535037
1236,1.7717,-6.8149,-0.154594,64.3559,0.739994
1237,1.7133,-5.1266,-0.0876437,64.2645,0.937919
1238,1.6416,-3.4285,-0.021,64.2319,1
1239,1.5575,-1.7548,0.0443687,64.2537,1
1240,1.4618,-0.0887,0.108713,64.3276,1
1241,1.3897,1.5456,0.0278313,64.4227,0.84085
1242,1.3652,3.1541,-0.157975,64.5208,0
1243,1.3626,1.1321,-0.245088,64.6238,0.3
1244,1.3505,-3.513,-0.204819,64.6875,0.50635
1245,1.3277,-5.6909,-0.157744,64.5789,0.667994
1246,1.2945,-4.6841,-0.109919,64.4891,0.813719
1247,1.2513,-3.5073,-0.0618188,64.4464,0.958844
1248,1.1987,-2.3116,-0.0143563,64.4509,1
1249,1.1375,-1.1091,0.0315188,64.4958,1
1250,1.0682,0.0774,0.0769125,64.5774,1
1251,0.9917,1.2243,0.120056,64.6744,1
1252,0.9088,2.3591,0.1612,64.7748,1
1253,0.7275,3.4377,0.588794,64.9749,1
1254,0.6306,4.4663,0.269362,65.0759,0.849794
1255,0.5328,15.1562,0.2913,65.1204,1
1256,0.4338,7.1704,0.314663,65.2007,1
1257,0.3349,7.7188,0.332806,65.2591,1
1258,0.2382,8.3029,0.342137,65.3347,1
1259,0.1888,8.7565,0.1622,65.4137,0.946788
1260,0.2051,8.9898,-0.103656,65.4936,0
1261,0.2407,4.4913,-0.187531,65.591,0.3
1262,0.2765,-2.1551,-0.195044,65.6693,0.392331
1263,0.3115,-4.2519,-0.198406,65.567,0.394694
1264,0.3452,-4.4398,-0.199525,65.4704,0.398069
1265,0.3772,-4.5238,-0.198725,65.393,0.406225
1266,0.4072,-4.5518,-0.19635,65.3234,0.418075
1267,0.4347,-4.5318,-0.191506,65.2589,0.440013
1268,0.4595,-4.4724,-0.185356,65.1995,0.462381
1269,0.4812,-4.3513,-0.177025,65.1457,0.493919
1270,0.4997,-4.1976,-0.167694,65.0995,0.524913
1271,0.5148,-3.9893,-0.156925,65.0611,0.561531
1272,0.5263,-3.756,-0.144681,65.0323,0.602688
1273,0.5342,-3.4868,-0.131763,65.0131,0.643469
1274,0.5383,-3.1807,-0.117331,65.0044,0.6913
1275,0.5386,-2.8577,-0.102187,65.0069,0.738869
1276,0.5352,-2.497,-0.08675,65.0206,0.786062
1277,0.5289,-2.1184,-0.0739688,65.0466,0.816437
1278,0.5282,-1.7324,-0.0962375,65.0848,0.644481
1279,0.5348,-1.4129,-0.126675,65.135,0.528662
1280,0.5399,-1.9696,-0.121631,65.1925,0.650238
1281,0.5411,-2.7305,-0.106256,65.2204,0.727356
1282,0.5383,-2.6044,-0.0897312,65.2207,0.780381
1283,0.5316,-2.2201,-0.072875,65.2359,0.831944
1284,0.5211,-1.8069,-0.0557063,65.2691,0.884387
1285,0.5069,-1.3855,-0.0382438,65.3165,0.937656
1286,0.4892,-0.9563,-0.020925,65.3771,0.989181
1287,0.4682,-0.5198,-0.0037875,65.4505,1
1288,0.444,-0.0868,0.01355,65.5365,1
1289,0.417,0.3416,0.0298125,65.6347,1
1290,0.3873,0.7751,0.0461813,65.7381,1
1291,0.3555,1.1816,0.0605437,65.8426,1
1292,0.3216,1.5909,0.0753,65.9472,1
1293,0.2862,1.9499,0.0879375,66.0513,1
1294,0.2496,2.3188,0.0996,66.1547,1
1295,0.2122,2.6348,0.109812,66.2574,1
1296,0.1744,2.9263,0.1185,66.3594,1
1297,0.3092,3.1816,-0.597175,66.4606,0
1298,0.2191,3.3988,0.319319,66.5613,1
1299,0.2099,-14.493,-0.00255625,66.6002,0.3
1300,0.2432,8.4193,-0.1788,66.4815,0
1301,0.2801,0.3724,-0.200119,66.5272,0.335687
1302,0.3153,-4.0337,-0.199919,66.4817,0.400844
1303,0.3481,-4.5666,-0.196469,66.3585,0.420944
1304,0.3783,-4.5616,-0.191731,66.2718,0.439019
1305,0.4054,-4.4754,-0.184412,66.2084,0.468719
1306,0.4293,-4.3569,-0.176094,66.1564,0.496675
1307,0.4498,-4.174,-0.166337,66.1124,0.530256
1308,0.4666,-3.966,-0.154688,66.0772,0.570887
1309,0.4796,-3.7221,-0.141925,66.0506,0.612513
1310,0.4888,-3.4309,-0.12845,66.0335,0.655075
1311,0.494,-3.1118,-0.113425,66.0271,0.7048
1312,0.4954,-2.7749,-0.0984875,66.0318,0.74935
1313,0.4928,-2.3993,-0.082,66.0476,0.803462
1314,0.4864,-2.0259,-0.0656,66.0757,0.8524
1315,0.4763,-1.6137,-0.0489063,66.1154,0.903362
1316,0.4626,-1.2037,-0.0319375,66.1678,0.955094
1317,0.4454,-0.7863,-0.0147125,66.2324,1
1318,0.425,-0.3621,0.0019125,66.3089,1
1319,0.4015,0.0685,0.0187187,66.3975,1
1320,0.3753,0.4841,0.0344312,66.4969,1
1321,0.3466,0.9043,0.0498125,66.5993,1
1322,0.3158,1.2971,0.0639875,66.7021,1
1323,0.2831,1.6816,0.0777188,66.8048,1
1324,0.2489,2.036,0.0901313,66.9069,1
1325,0.2137,2.3793,0.100731,67.0082,1
1326,0.1777,2.6896,0.110681,67.1088,1
1327,0.1415,2.9546,0.118269,67.2087,1
1328,0.1053,3.2034,0.125056,67.3079,1
1329,0.0696,3.3931,0.12975,67.4067,1
1330,0.0348,3.5627,0.132675,67.5049,1
1331,0.0011,3.6801,0.134594,67.6028,1
1332,-0.031,3.7532,0.134212,67.7006,1
1333,-0.0612,3.8012,0.132275,67.7982,1
1334,-0.0892,3.7916,0.128725,67.8958,1
1335,-0.1147,3.7432,0.123506,67.9936,1
1336,-0.1375,3.6545,0.116981,68.0917,1
1337,-0.1574,3.524,0.109113,68.1899,1
1338,-0.1741,3.3609,0.0994437,68.2885,1
1339,-0.1876,3.1641,0.089175,68.3874,1
1340,-0.1977,2.9224,0.0774687,68.4866,1
1341,-0.2044,2.6657,0.065125,68.586,1
1342,-0.2076,2.3731,0.051725,68.6857,1
1343,-0.2073,2.0645,0.0376688,68.7854,1
1344,-0.2035,1.7295,0.0229562,68.8853,1
1345,-0.1963,1.3781,0.00800625,68.9851,0.979169
1346,-0.1859,1.0102,-0.00674375,69.0848,0.935519
1347,-0.1722,0.6365,-0.0225125,69.1843,0.885156
1348,-0.1555,0.2677,-0.0376437,69.2802,0.841675
1349,-0.1361,-0.1265,-0.0520813,69.3675,0.800444
1350,-0.1141,-0.5048,-0.0666063,69.4436,0.756606
1351,-0.09,-0.8657,-0.079525,69.5085,0.722669
1352,-0.0761,-1.2288,-0.0413312,69.5627,0.990588
1353,-0.0913,-1.5518,0.0779188,69.6058,1
1354,-0.0206,-0.5969,-0.278938,69.6407,0
1355,0.0375,2.3843,-0.239431,69.7142,0.400225
1356,0.0747,-6.5371,-0.162806,69.7825,0.741456
1357,0.1111,-5.5494,-0.166431,69.6928,0.489831
1358,0.1469,-3.6338,-0.170744,69.6307,0.474831
1359,0.1818,-3.7244,-0.173687,69.6326,0.470106
1360,0.2153,-3.8323,-0.174369,69.6113,0.47485
1361,0.2471,-3.9059,-0.173531,69.5808,0.481919
1362,0.2769,-3.9229,-0.171119,69.547,0.493881
1363,0.3044,-3.9019,-0.167075,69.5133,0.510906
1364,0.3293,-3.8416,-0.161344,69.4812,0.533163
1365,0.3513,-3.7405,-0.153869,69.4519,0.560819
1366,0.3702,-3.5973,-0.145012,69.4269,0.591531
1367,0.386,-3.4104,-0.135575,69.4074,0.621587
1368,0.3983,-3.189,-0.123881,69.3946,0.663438
1369,0.4073,-2.953,-0.112369,69.3895,0.697431
1370,0.4127,-2.6607,-0.0989813,69.3921,0.743219
1371,0.4145,-2.3729,-0.0849187,69.4043,0.787431
1372,0.4129,-2.0382,-0.0710188,69.4255,0.828644
1373,0.4078,-1.6866,-0.0560625,69.4571,0.876681
1374,0.3992,-1.3391,-0.04045,69.4993,0.925488
1375,0.3874,-0.9652,-0.0254375,69.5517,0.968725
1376,0.3724,-0.5749,-0.009825,69.6149,1
1377,0.3545,-0.1996,0.00513125,69.6895,1
1378,0.3337,0.1907,0.0206312,69.7743,1
1379,0.3105,0.5646,0.0345812,69.8671,1
1380,0.285,0.9521,0.0485625,69.9623,1
1381,0.2576,1.3009,0.0613,70.0579,1
1382,0.2285,1.6504,0.0735562,70.1532,1
1383,0.1982,1.9688,0.0840375,70.2479,1
1384,0.167,2.2752,0.0934875,70.342,1
1385,0.1352,2.5373,0.10185,70.4354,1
1386,0.1033,2.7735,0.108231,70.5281,1
1387,0.0715,2.9826,0.113794,70.6205,1
1388,0.0403,3.1421,0.117244,70.7125,1
1389,0.0101,3.2812,0.118906,70.8041,1
1390,-0.0189,3.3674,0.119544,70.8955,1
1391,-0.0463,3.409,0.118281,70.9864,1
1392,-0.0719,3.4249,0.115881,71.0779,1
1393,-0.1011,3.3934,0.135756,71.1694,1
1394,-0.2003,3.3334,0.434356,71.2609,1
1395,-0.1988,3.8302,0.031275,71.351,0
1396,-0.3053,11.2952,0.483244,71.3934,1
1397,-0.409,1.2182,0.491487,71.4802,1
1398,-0.5058,12.5174,0.482038,71.3542,1
1399,-0.5948,12.7235,0.467525,71.3286,1
1400,-0.6749,12.4873,0.446944,71.338,1
1401,-0.7452,12.1245,0.420925,71.3622,1
1402,-0.8049,11.6099,0.389719,71.3967,1
1403,-0.8533,10.9595,0.353594,71.4408,1
1404,-0.8898,10.1793,0.312838,71.4955,1
1405,-0.9141,9.2762,0.268594,71.5597,1
1406,-0.9259,8.2573,0.220806,71.6329,1
1407,-0.9253,7.1512,0.171094,71.7138,1
1408,-0.9139,5.9565,0.125756,71.801,1
1409,-0.9446,4.7137,0.299912,71.8918,1
1410,-1.0435,3.5802,0.591256,71.9863,1
1411,-1.1341,7.9341,0.575044,72.0599,1
1412,-1.2096,15.2177,0.5288,72.0745,1
1413,-1.2691,14.8124,0.475956,72.0844,1
1414,-1.3118,13.6563,0.416763,72.1012,1
1415,-1.337,12.3352,0.351487,72.1291,1
1416,-1.3445,10.8554,0.282094,72.1715,1
1417,-1.3395,9.2235,0.231156,72.2306,1
1418,-1.3215,7.4887,0.175781,72.3042,1
1419,-1.2866,6.2152,0.101638,72.3858,1
1420,-1.2352,4.8309,0.026,72.4741,0.851088
1421,-1.1682,2.9773,-0.0489625,72.5664,0.628225
1422,-1.0865,1.0863,-0.123081,72.66,0.4084
1423,-0.9913,-0.7877,-0.194931,72.7288,0.3
1424,-0.8842,-2.6407,-0.262612,72.7491,0.3
1425,-0.7666,-4.437,-0.326663,72.7116,0
1426,-0.6498,-6.129,-0.345362,72.6331,0
1427,-0.5577,-7.7302,-0.263831,72.5346,0.4531
1428,-0.6017,-8.1977,0.288819,72.3817,1
1429,-0.6833,-6.1595,0.454519,72.2226,1
1430,-0.7552,7.6568,0.4292,72.0838,1
1431,-0.817,11.7993,0.400387,72.0353,1
1432,-0.8681,11.1663,0.367169,72.0147,1
1433,-0.908,10.446,0.32985,72.0095,1
1434,-0.9362,9.6156,0.288338,72.0185,1
1435,-0.9524,8.6826,0.243375,72.041,1
1436,-0.9563,7.6448,0.194906,72.0751,1
1437,-0.9479,6.5207,0.144131,72.1237,1
1438,-0.9347,5.309,0.122456,72.1853,1
1439,-1.0095,4.0396,0.488481,72.2579,1
1440,-1.1706,3.4977,0.863888,72.3371,1
1441,-1.3321,12.6484,0.895769,72.3493,1
1442,-1.4799,22.0335,0.868681,72.3589,1
1443,-1.6132,22.8306,0.835675,72.3282,1
1444,-1.7316,22.1534,0.798275,72.2837,1
1445,-1.8342,21.3282,0.754313,72.2325,1
1446,-1.9205,20.3932,0.705294,72.1785,1
1447,-1.9898,19.2942,0.650287,72.1267,1
1448,-2.0416,18.0687,0.59,72.0816,1
1449,-2.0751,16.6935,0.523081,72.0494,1
1450,-2.0899,15.1863,0.451056,72.0343,1
1451,-2.0997,13.5134,0.432894,72.0293,1
1452,-2.1564,11.7127,0.631125,72.044,1
1453,-2.2707,11.2587,0.882956,72.0656,1
1454,-2.4105,16.2145,1,72.0616,1
1455,-2.53,22.5102,0.952375,72.0564,1
1456,-2.6283,25,0.886006,72.0288,1
1457,-2.7048,24.2457,0.81315,71.9767,1
1458,-2.7591,22.5865,0.734531,71.92,1
1459,-2.7903,20.7651,0.647981,71.8707,1
1460,-2.7982,18.7996,0.556263,71.8295,1
1461,-2.7823,16.6359,0.458081,71.8041,1
1462,-2.7424,14.3429,0.3546,71.7912,1
1463,-2.6785,11.8884,0.246619,71.8035,1
1464,-2.5914,9.3013,0.137488,71.844,1
1465,-2.4821,6.6018,0.0281937,71.9106,0.7567
1466,-2.3519,3.8735,-0.0798187,71.9918,0.436506
1467,-2.202,1.1412,-0.186725,72.0848,0.3
1468,-2.0502,-1.5591,-0.222788,72.1429,0.3
1469,-1.9832,-4.2318,0.10385,72.1272,1
1470,-1.8126,-5.1334,-0.342538,72.0589,0
1471,-1.6856,3.0326,-0.19195,71.9677,0.875913
1472,-1.5468,-8.1271,-0.265175,71.9798,0
1473,-1.3966,-4.3624,-0.338937,71.8747,0
1474,-1.2367,-6.193,-0.407719,71.87,0
1475,-1.0692,-8.0371,-0.469525,71.7476,0
1476,-0.8963,-9.7566,-0.523544,71.5782,0
1477,-0.7198,-11.3018,-0.571037,71.3871,0
1478,-0.5417,-12.6523,-0.610831,71.1833,0
1479,-0.3635,-13.8396,-0.644644,70.9708,0
1480,-0.187,-14.8345,-0.670937,70.7511,0
1481,-0.0138,-15.6798,-0.690213,70.5268,0
1482,0.1544,-16.3371,-0.70175,70.3007,0
1483,0.2864,-16.819,-0.5817,70.0738,0
1484,0.3707,-17.1074,-0.406706,69.8473,0.304863
1485,0.4439,-14.1062,-0.376031,69.6452,0
1486,0.509,-9.7313,-0.355837,69.4786,0
1487,0.5656,-8.9644,-0.33245,69.3691,0.3
1488,0.6134,-8.4596,-0.306212,69.2324,0.3
1489,0.652,-7.8749,-0.27665,69.0886,0.3
1490,0.6813,-7.219,-0.244944,68.9908,0.360288
1491,0.7012,-6.4799,-0.211075,68.9105,0.468381
1492,0.7117,-5.6873,-0.175444,68.8372,0.580563
1493,0.713,-4.8405,-0.138887,68.7771,0.693006
1494,0.7052,-3.9498,-0.101025,68.7395,0.810512
1495,0.6886,-3.0359,-0.0627125,68.7277,0.9268
1496,0.6637,-2.0893,-0.0248437,68.7422,1
1497,0.626,-1.1315,0.033425,68.7832,1
1498,0.5538,-0.1848,0.184963,68.85,1
1499,0.4725,1.272,0.236606,68.9331,1
1500,0.3861,5.0604,0.273206,69.0037,1
1501,0.2961,6.3515,0.304481,69.0662,1
1502,0.2035,7.2665,0.332244,69.1239,1
1503,0.1095,8.0484,0.355469,69.1781,1
1504,0.0152,8.7424,0.37435,69.2294,1
1505,-0.0783,9.3231,0.388681,69.2787,1
1506,-0.17,9.7951,0.398675,69.3265,1
1507,-0.2588,10.1534,0.403725,69.3739,1
1508,-0.3435,10.4032,0.403206,69.4217,1
1509,-0.4232,10.5295,0.39815,69.4707,1
1510,-0.497,10.5165,0.388387,69.5222,1
1511,-0.564,10.3901,0.37375,69.577,1
1512,-0.6234,10.146,0.354488,69.6361,1
1513,-0.6745,9.7801,0.330869,69.7,1
1514,-0.7169,9.2985,0.304019,69.7694,1
1515,-0.7499,8.7081,0.272606,69.8444,1
1516,-0.7733,8.0368,0.238594,69.9247,1
1517,-0.787,7.2515,0.202363,70.0102,1
1518,-0.7907,6.4012,0.163056,70.1001,1
1519,-0.7846,5.4954,0.122713,70.1934,1
1520,-0.7688,4.5127,0.08095,70.2893,1
1521,-0.7435,3.5041,0.0382063,70.3867,0.986387
1522,-0.7089,2.4601,-0.00548125,70.4849,0.852494
1523,-0.6656,1.3915,-0.0484,70.5829,0.726044
1524,-0.6142,0.2993,-0.0904375,70.6777,0.602575
1525,-0.5563,-0.7737,-0.127294,70.7485,0.50755
1526,-0.4936,-1.8246,-0.15825,70.7887,0.432381
1527,-0.4269,-2.746,-0.186756,70.7965,0.354213
1528,-0.3558,-3.5199,-0.217687,70.7764,0.3
1529,-0.2807,-4.2326,-0.247769,70.7332,0.3
1530,-0.2023,-5.0059,-0.275669,70.6677,0.3
1531,-0.1218,-5.7579,-0.299162,70.5839,0.3
1532,-0.04,-6.4554,-0.3197,70.4924,0
1533,0.0419,-7.0427,-0.335456,70.3968,0
1534,0.1232,-7.5562,-0.3483,70.2989,0
1535,0.2027,-7.9501,-0.356006,70.1511,0
1536,0.2796,-8.2712,-0.360025,69.9874,0
1537,0.3532,-8.4638,-0.360625,69.8185,0
1538,0.4225,-8.5643,-0.356419,69.6487,0
1539,0.4869,-8.5793,-0.348894,69.4797,0
1540,0.5457,-8.4741,-0.337519,69.3124,0.3
1541,0.5984,-8.286,-0.323,69.1473,0.3
1542,0.6445,-8.0016,-0.305244,68.9856,0.3
1543,0.6836,-7.6387,-0.284575,68.8755,0.3
1544,0.7153,-7.1948,-0.260919,68.7851,0.3
1545,0.7395,-6.678,-0.235456,68.7031,0.370019
1546,0.7561,-6.0866,-0.208169,68.626,0.457356
1547,0.765,-5.4501,-0.179038,68.5525,0.550281
1548,0.7662,-4.7679,-0.148462,68.4932,0.646338
1549,0.7598,-4.0396,-0.116863,68.4533,0.744212
1550,0.746,-3.2752,-0.084675,68.4356,0.842538
1551,0.726,-2.4852,-0.056125,68.4409,0.917275
1552,0.7255,-1.6805,-0.134031,68.4697,0.364187
1553,0.7012,-0.9668,-0.034275,68.5216,1
1554,0.6897,-2.9145,-0.0833187,68.592,0.602913
1555,0.6775,-0.4205,-0.0782313,68.579,0.780569
1556,0.659,-1.6466,-0.0495625,68.6465,0.937319
1557,0.6343,-1.5194,-0.0201312,68.6701,1
1558,0.6036,-0.8027,0.009625,68.711,1
1559,0.5673,-0.0669,0.0388312,68.783,1
1560,0.5259,0.677,0.0669937,68.8747,1
1561,0.48,1.4071,0.0936,68.9704,1
1562,0.4301,2.1112,0.118956,69.0656,1
1563,0.3769,2.7763,0.142131,69.1591,1
1564,0.321,3.4102,0.163413,69.2508,1
1565,0.2631,3.9896,0.182269,69.3406,1
1566,0.2039,4.5216,0.198569,69.4287,1
1567,0.1442,4.9931,0.211763,69.5153,1
1568,0.0846,5.4006,0.222537,69.6007,1
1569,0.0259,5.7304,0.229944,69.6851,1
1570,-0.0313,5.9998,0.234669,69.7689,1
1571,-0.0863,6.1849,0.236181,69.8525,1
1572,-0.1385,6.3031,0.234769,69.9361,1
1573,-0.1873,6.3409,0.230319,70.0201,1
1574,-0.2321,6.3056,0.222719,70.1048,1
1575,-0.2724,6.1943,0.212275,70.1904,1
1576,-0.308,6.0043,0.20015,70.2773,1
1577,-0.3383,5.7432,0.184631,70.3655,1
1578,-0.363,5.4401,0.166862,70.4551,1
1579,-0.3821,5.0521,0.148044,70.5462,1
1580,-0.3952,4.6079,0.1265,70.6386,1
1581,-0.4024,4.1374,0.10425,70.7321,1
1582,-0.4035,3.5988,0.0800563,70.8266,1
1583,-0.3987,3.0426,0.0555562,70.9218,1
1584,-0.3879,2.4377,0.0295313,71.0172,1
1585,-0.3714,1.8252,0.0036375,71.1131,0.933231
1586,-0.3493,1.1746,-0.0229063,71.2088,0.85165
1587,-0.322,0.5273,-0.048825,71.3041,0.775769
1588,-0.2899,-0.1363,-0.0740438,71.3881,0.702212
1589,-0.2533,-0.7843,-0.0989062,71.4543,0.628694
1590,-0.2127,-1.4148,-0.122519,71.502,0.561606
1591,-0.1688,-2.0363,-0.14395,71.5302,0.503856
1592,-0.122,-2.6266,-0.164325,71.539,0.4459
1593,-0.073,-3.1624,-0.182313,71.5293,0.3991
1594,0.0361,-3.6718,-0.443169,71.5032,0
1595,0.1532,-4.1215,-0.497125,71.4615,0
1596,0.1568,-10.6429,-0.0438,71.3691,1
1597,0.3008,-11.9918,-0.6324,71.1926,0
1598,0.4479,-0.6587,-0.672381,71.0431,0
1599,0.591,-15.3737,-0.683212,70.9968,0
1600,0.7285,-16.3732,-0.686594,70.8145,0
1601,0.8594,-16.644,-0.684738,70.5886,0
1602,0.9824,-16.7285,-0.6762,70.3518,0
1603,1.0966,-16.6821,-0.662412,70.1133,0
1604,1.2008,-16.4687,-0.64195,69.8764,0
1605,1.2942,-16.124,-0.616262,69.6431,0
1606,1.3756,-15.6124,-0.583525,69.4149,0
1607,1.4443,-14.9702,-0.545606,69.1941,0
1608,1.4996,-14.1518,-0.502375,68.9833,0
1609,1.541,-13.2038,-0.454537,68.784,0
1610,1.568,-12.123,-0.402,68.5973,0
1611,1.5805,-10.9271,-0.346344,68.4223,0.3
1612,1.5785,-9.6137,-0.287969,68.2591,0.311219
1613,1.5622,-8.2223,-0.227713,68.1062,0.497631
1614,1.5336,-6.7629,-0.17315,68.0083,0.644237
1615,1.5496,-5.2565,-0.35455,67.9337,0
1616,1.5562,-3.8924,-0.318187,67.9004,0.3
1617,1.6009,-8.4274,-0.478969,67.8836,0
1618,1.6379,-7.5184,-0.455106,67.7723,0
1619,1.659,-11.5379,-0.395463,67.6508,0
1620,1.664,-10.9413,-0.332,67.4881,0.3
1621,1.6532,-9.4502,-0.266775,67.3254,0.39535
1622,1.627,-7.8637,-0.200263,67.1712,0.59875
1623,1.5857,-6.233,-0.132119,67.0731,0.808075
1624,1.5302,-4.5702,-0.0649125,67.0142,1
1625,1.4612,-2.8666,0.002025,67.003,1
1626,1.3795,-1.1865,0.0681438,67.045,1
1627,1.2862,0.487,0.132037,67.1299,1
1628,1.1825,2.1399,0.193081,67.2256,1
1629,1.0697,3.7373,0.250631,67.318,1
1630,0.9493,5.2634,0.303606,67.4021,1
1631,0.8226,6.7021,0.352563,67.4802,1
1632,0.6911,8.0265,0.396419,67.5519,1
1633,0.5562,9.2504,0.435313,67.6132,1
1634,0.4196,10.3468,0.467725,67.6667,1
1635,0.2825,11.3192,0.495431,67.7144,1
1636,0.1465,12.1295,0.516531,67.7572,1
1637,0.013,12.8221,0.531562,67.7968,1
1638,-0.1168,13.3496,0.5411,67.8342,1
1639,-0.2414,13.7254,0.543663,67.8708,1
1640,-0.3595,13.9638,0.539806,67.908,1
1641,-0.4701,14.0279,0.530544,67.9464,1
1642,-0.529,13.9315,0.334788,67.9879,1
1643,-0.43,13.6999,-0.315375,68.0338,0
1644,-0.2298,8.806,-0.757713,68.1165,0
1645,-0.0076,-7.448,-0.887375,68.1657,0
1646,0.2189,-18.5065,-0.947044,68.0592,0
1647,0.4491,-21.748,-1,67.8566,0
1648,0.6821,-23.2398,-1,67.6186,0
1649,0.9174,-24.5637,-1,67.37,0
1650,1.1544,-24.5637,-1,67.1109,0
1651,1.3924,-24.5637,-1,66.8508,0
1652,1.6307,-24.5637,-1,66.5916,0
1653,1.8685,-24.5637,-1,66.332,0
1654,2.1051,-24.5637,-1,66.0658,0
1655,2.3397,-24.5637,-1,65.7999,0
1656,2.8,-24.5637,-1,65.2745,0
1657,3.0243,-24.5637,-1,65.014,0
1658,3.2436,-24.5637,-1,64.7523,0
1659,3.4572,-24.5637,-1,64.4909,0
1660,3.6644,-24.5637,-1,64.2325,0
1661,3.8645,-24.5637,-1,63.9708,0
1662,4.0562,-24.5637,-1,63.6892,0
1663,4.2388,-24.5637,-1,63.4118,0
1664,4.4117,-24.5637,-1,63.141,0
1665,4.574,-24.5637,-1,62.8772,0
1666,4.7226,-24.5637,-1,62.5049,0
1667,4.8557,-24.5637,-1,62.1389,0
1668,4.9723,-24.5637,-1,61.7909,0
1669,5.0725,-24.5637,-1,61.4885,0
1670,5.2213,-24.5637,-1,60.9144,0
1671,5.27,-24.5637,-1,60.7176,0
1672,5.3042,-24.5637,-1,60.5924,0
1673,5.3359,-24.5637,-1,60.4319,0
1674,5.3662,-24.5637,-1,60.2575,0
1675,5.4429,-24.5637,-1,60.0677,0
1676,4.7431,-24.5637,1,59.8847,1
1677,5.0327,-24.5637,-1,59.6029,0
1678,5.3213,25,-1,59.3147,0
1679,5.6052,-24.5637,-1,59.1191,0
1680,6.1216,-24.5637,-1,58.6349,0
1681,6.2543,-24.5637,-1,58.5394,0
1682,6.5361,-24.5637,-1,57.9815,0
1683,6.7154,-24.5637,-1,57.7714,0
1684,6.9387,-24.5637,-1,57.3682,0
1685,7.1886,-24.5637,-1,57.163,0
1686,7.4354,-24.5637,-1,56.9506,0
1687,7.6816,-24.5637,-1,56.8382,0
1688,7.9273,-24.5637,-1,56.7303,0
1689,8.1723,-24.5637,-1,56.6266,0
1690,8.4167,-24.5637,-1,56.5271,0
1691,8.6587,-24.5637,-1,56.4563,0
1692,8.898,-24.5637,-1,56.2046,0
1693,9.1343,-24.5637,-1,55.9846,0
1694,9.3677,-24.5637,-1,55.74,0
1695,9.5961,-24.5637,-1,55.493,0
1696,9.8185,-24.5637,-1,55.1004,0
1697,10.0299,-24.5637,-1,54.4972,0
