0,0.7598,0,-1,0,0
1,0.7598,0,-0.142462,0.438,0.43015
2,0.7598,-24.5637,-0.142462,0.876,0.43015
3,0.7598,-3.1252,-0.142462,1.314,0.43015
4,0.7598,-3.1252,-0.142462,1.752,0.43015
5,0.7598,-3.1252,-0.142462,1.752,0.43015
6,0.7598,-3.1252,-0.142462,2.19,0.43015
7,0.7598,-3.1252,-0.142462,2.628,0.43015
8,0.7598,-3.1252,-0.142462,3.066,0.43015
9,0.7598,-3.1252,-0.142462,3.504,0.43015
10,0.7598,-3.1252,-0.142462,3.942,0.43015
11,0.7598,-3.1252,-0.142462,4.38,0.43015
12,0.7598,-3.1252,-0.142462,4.818,0.43015
13,0.7598,-3.1252,-0.142462,5.694,0.43015
14,0.7598,-3.1252,-0.142462,5.694,0.43015
15,0.7598,-3.1252,-0.142462,6.132,0.43015
16,0.7599,-3.1252,-0.142881,6.57,0.428475
17,0.7598,-3.1252,-0.142063,6.7858,0.43175
18,0.7596,-3.1357,-0.141625,3.1997,0.4335
19,0.7596,-3.1357,-0.142425,3.1997,0.4303
20,0.7595,-3.1043,-0.142006,1.6969,0.431975
21,0.7593,-3.1243,-0.141569,0.5439,0.433725
22,0.7592,-3.1138,-0.14195,0.6506,0.4322
23,0.7591,-3.1029,-0.141931,1.2623,0.432275
24,0.7587,-3.1124,-0.140656,1.7987,0.437375
25,0.7585,-3.112,-0.141419,1.7593,0.434325
26,0.7585,-3.112,-0.142219,1.7593,0.431125
27,0.7581,-3.0991,-0.140544,1.3852,0.437825
28,0.7579,-3.1191,-0.141306,1.148,0.434775
29,0.7576,-3.0773,-0.14085,0.9286,0.4366
30,0.7576,-3.0773,-0.14205,0.9286,0.4318
31,0.7574,-3.0849,-0.141212,0.7937,0.43515
32,0.7571,-3.1149,-0.140756,0.7205,0.436975
33,0.7565,-3.094,-0.139444,0.8278,0.442225
34,0.7561,-3.0826,-0.140169,0.8799,0.439325
35,0.7558,-3.0498,-0.140513,0.9445,0.43795
36,0.7554,-3.0679,-0.140037,0.9961,0.43985
37,0.7554,-3.0679,-0.141637,0.9961,0.43345
38,0.755,-3.0646,-0.139963,1.0187,0.44015
39,0.7546,-3.1046,-0.139888,1.0727,0.44045
40,0.7542,-3.0627,-0.139812,1.0723,0.44075
41,0.7533,-3.0609,-0.137644,1.1244,0.449425
42,0.7528,-3.059,-0.13915,1.2225,0.4434
43,0.7528,-3.059,-0.14115,1.2225,0.4354
44,0.7523,-3.0424,-0.139056,1.2232,0.443775
45,0.7518,-3.0924,-0.138963,1.2905,0.44415
46,0.7507,-3.0401,-0.136356,1.3709,0.454575
47,0.7501,-3.0377,-0.138244,1.434,0.447025
48,0.7495,-2.9726,-0.138131,1.5099,0.447475
49,0.7489,-3.0198,-0.138019,1.5409,0.447925
50,0.7482,-3.0169,-0.137487,1.6022,0.45005
51,0.7475,-3.0141,-0.137356,1.6674,0.450575
52,0.7468,-3.0009,-0.137225,1.746,0.4511
53,0.7461,-2.9976,-0.137094,1.7895,0.451625
54,0.7461,-2.9976,-0.139894,1.7895,0.440425
55,0.7445,-2.991,-0.133194,1.9556,0.467225
56,0.7445,-2.991,-0.139594,1.9556,0.441625
57,0.7437,-2.8935,-0.136244,1.9998,0.455025
58,0.7428,-3.0535,-0.135675,2.0626,0.4573
59,0.7419,-2.9698,-0.135506,2.1318,0.457975
60,0.741,-2.9555,-0.135337,2.2297,0.45865
61,0.74,-2.9513,-0.13475,2.2997,0.461
62,0.739,-2.9471,-0.134563,2.3627,0.46175
63,0.7368,-2.9324,-0.12935,2.5176,0.4826
64,0.7357,-2.9277,-0.133544,2.6047,0.465825
65,0.7357,-2.9277,-0.137944,2.6047,0.448225
66,0.7345,-2.9023,-0.132919,2.6864,0.468325
67,0.7333,-3.0123,-0.132694,2.7832,0.469225
68,0.732,-2.8866,-0.13205,2.8636,0.4718
69,0.7293,-2.881,-0.125944,3.0357,0.496225
70,0.7279,-2.8649,-0.130881,3.1668,0.476475
71,0.7279,-2.8649,-0.136481,3.1668,0.454075
72,0.7264,-2.8357,-0.1302,3.2353,0.4792
73,0.7248,-2.9757,-0.1295,3.3591,0.482
74,0.7232,-2.8187,-0.1292,3.4379,0.4832
75,0.7198,-2.8012,-0.121363,3.6624,0.51455
76,0.7198,-2.8012,-0.134962,3.6624,0.46015
77,0.7162,-2.5977,-0.119887,3.8972,0.52045
78,0.7143,-2.9377,-0.126331,4.0074,0.494675
79,0.673,-2.5609,0.0390125,5.8641,1
80,0.666,-2.722,-0.096875,6.0813,0.6125
81,0.6631,1.4116,-0.112731,6.2814,0.549075
82,0.66,-1.9855,-0.11135,6.438,0.5546
83,0.6566,-2.3819,-0.109512,6.561,0.56195
84,0.6529,-2.3474,-0.107619,6.6817,0.569525
85,0.6492,-2.3015,-0.106925,6.8039,0.5723
86,0.6452,-2.2541,-0.104975,6.9278,0.5801
87,0.6411,-2.2368,-0.103806,7.0523,0.584775
88,0.6369,-2.188,-0.102619,7.1783,0.589525
89,0.6326,-2.1588,-0.101413,7.3053,0.59435
90,0.6281,-2.1291,-0.0997687,7.4332,0.600925
91,0.6235,-2.099,-0.0985063,7.562,0.605975
92,0.6187,-2.0579,-0.0968062,7.692,0.612775
93,0.6139,-2.0263,-0.0959062,7.823,0.616375
94,0.6089,-1.9838,-0.0941687,7.9554,0.623325
95,0.6038,-1.9613,-0.0928125,8.0885,0.62875
96,0.5985,-1.9179,-0.0910188,8.2228,0.635925
97,0.5932,-1.884,-0.090025,8.3583,0.6399
98,0.5877,-1.8391,-0.0881938,8.4951,0.647225
99,0.582,-1.8143,-0.086325,8.6327,0.6547
100,0.5763,-1.7685,-0.0852563,8.7717,0.658975
101,0.5704,-1.7218,-0.08335,8.9121,0.6666
102,0.5643,-1.6951,-0.0814063,9.0535,0.674375
103,0.5585,-1.6474,-0.0815187,9.1962,0.673925
104,0.553,-1.5988,-0.0816875,9.3405,0.67325
105,0.548,-1.6016,-0.08275,9.485,0.669
106,0.5436,-1.6059,-0.084325,9.629,0.6627
107,0.5402,-1.6324,-0.0876875,9.772,0.64925
108,0.5381,-1.6718,-0.0924938,9.9133,0.630025
109,0.5377,-1.7559,-0.0992187,10.0515,0.603125
110,0.5324,-1.876,-0.078625,10.1853,0.6855
111,0.5248,-2.0441,-0.068,10.3128,0.728
112,0.5187,-1.5293,-0.0728563,10.4515,0.708575
113,0.5132,-1.2637,-0.074225,10.6034,0.7031
114,0.5082,-1.3851,-0.0752875,10.7552,0.69885
115,0.5038,-1.4193,-0.0768625,10.9043,0.69255
116,0.4997,-1.4459,-0.0772937,11.0519,0.690825
117,0.4958,-1.4852,-0.0773625,11.1978,0.69055
118,0.4922,-1.496,-0.0778875,11.4014,0.68845
119,0.4887,-1.4977,-0.0776312,11.3814,0.689475
120,0.4853,-1.5109,-0.0773937,11.8134,0.690425
121,0.4821,-1.5044,-0.0775937,11.3697,0.689625
122,0.4788,-1.4985,-0.076575,11.8376,0.6937
123,0.4753,-1.5035,-0.0751187,12.1095,0.699525
124,0.4717,-1.478,-0.0740438,12.0062,0.703825
125,0.468,-1.4416,-0.07295,12.1633,0.7082
126,0.464,-1.4148,-0.071,12.6778,0.716
127,0.4601,-1.3874,-0.0706687,12.2338,0.717325
128,0.456,-1.3387,-0.0691,12.7237,0.7236
129,0.4517,-1.3304,-0.0674937,12.9673,0.730025
130,0.4473,-1.2912,-0.0662687,12.8777,0.734925
131,0.4428,-1.251,-0.065025,13.0657,0.7399
132,0.438,-1.2204,-0.062925,13.5577,0.7483
133,0.4333,-1.1893,-0.0624438,13.1558,0.750225
134,0.4284,-1.1368,-0.060725,13.6557,0.7571
135,0.4232,-1.1248,-0.05855,13.865,0.7658
136,0.418,-1.0818,-0.057575,13.8111,0.7697
137,0.4127,-1.0274,-0.0561813,14.0485,0.775275
138,0.4071,-1.003,-0.0539313,14.4313,0.784275
139,0.4015,-0.9682,-0.0528813,14.2391,0.788475
140,0.3957,-0.9119,-0.0509937,14.7387,0.796025
141,0.3898,-0.8857,-0.0494875,14.5895,0.80205
142,0.3837,-0.8385,-0.0475438,15.0292,0.809825
143,0.3776,-0.8009,-0.0464,14.9917,0.8144
144,0.3713,-0.7523,-0.0444188,15.372,0.822325
145,0.365,-0.7237,-0.0432375,15.2857,0.82705
146,0.3584,-0.6741,-0.0408,15.6703,0.8368
147,0.3517,-0.6446,-0.0391438,15.6996,0.843425
148,0.3448,-0.5837,-0.03705,16.028,0.8518
149,0.338,-0.5423,-0.036175,16.0022,0.8553
150,0.3309,-0.4899,-0.0336438,16.3992,0.865425
151,0.3238,-0.468,-0.0323125,16.2971,0.87075
152,0.3165,-0.4048,-0.0301438,16.7437,0.879425
153,0.3092,-0.3715,-0.028775,16.6628,0.8849
154,0.3017,-0.3173,-0.0265688,17.0997,0.893725
155,0.2942,-0.283,-0.0251625,17.0182,0.89935
156,0.2866,-0.2279,-0.0233375,17.4534,0.90665
157,0.2789,-0.1927,-0.0214937,17.3948,0.914025
158,0.2711,-0.1471,-0.0196313,17.8151,0.921475
159,0.2633,-0.101,-0.0181687,17.769,0.927325
160,0.2553,-0.0544,-0.0158688,18.1787,0.936525
161,0.2473,-0.0179,-0.0143687,18.1553,0.942525
162,0.2392,0.0396,-0.01245,18.5479,0.9502
163,0.2311,0.0771,-0.0109313,18.5449,0.956275
164,0.223,0.1251,-0.0094125,18.9222,0.96235
165,0.2148,0.1631,-0.007475,18.9397,0.9701
166,0.2065,0.201,-0.00551875,19.3013,0.977925
167,0.1983,0.2495,-0.00438125,19.338,0.982475
168,0.19,0.2984,-0.002425,19.6851,0.9903
169,0.1818,0.3268,-0.0012875,19.7413,0.99485
170,0.1735,0.3757,0.00066875,20.0736,1
171,0.1652,0.4041,0.002225,20.1478,1
172,0.1569,0.4531,0.00378125,20.4667,1
173,0.1487,0.492,0.00491875,20.5572,1
174,0.1405,0.5309,0.00645625,20.861,1
175,0.1323,0.5593,0.00799375,20.9644,1
176,0.1242,0.5977,0.0091125,21.2536,1
177,0.1162,0.6362,0.0102125,21.3699,1
178,0.1082,0.6641,0.0117125,21.6444,1
179,0.1003,0.6916,0.0127938,21.7734,1
180,0.0925,0.7291,0.0138563,22.0335,1
181,0.0848,0.7562,0.0149,22.1749,1
182,0.0772,0.7827,0.015925,22.4211,1
183,0.0698,0.8088,0.0165125,22.5741,1
184,0.0625,0.8345,0.0174813,22.8075,1
185,0.0553,0.8491,0.0184312,22.9709,1
186,0.0483,0.8734,0.0189437,23.1929,1
187,0.0414,0.8971,0.0198375,23.3651,1
188,0.0347,0.9099,0.0202937,23.5776,1
189,0.0282,0.9323,0.0207125,23.7565,1
190,0.0219,0.9437,0.0210938,23.9616,1
191,0.0158,0.9541,0.0214375,24.1453,1
192,0.0099,0.9637,0.0217438,24.3449,1
193,0.0042,0.9723,0.0220125,24.5316,1
194,-0.0013,0.9799,0.0222437,24.7273,1
195,-0.0065,0.9866,0.0220188,24.9157,1
196,-0.0115,0.9924,0.0221563,25.1087,1
197,-0.0162,0.9868,0.0218375,25.2977,1
198,-0.0207,0.9902,0.0218813,25.4889,1
199,-0.0249,0.9823,0.0214687,25.6779,1
200,-0.0288,0.9834,0.021,25.8677,1
201,-0.0325,0.9731,0.0208938,26.0563,1
202,-0.0359,0.9613,0.0203313,26.2451,1
203,-0.0389,0.9587,0.0192937,26.4332,1
204,-0.0418,0.9446,0.0194375,26.6211,1
205,-0.0443,0.9187,0.0183063,26.8084,1
206,-0.0465,0.9223,0.0175188,26.9955,1
207,-0.0484,0.894,0.016675,27.1821,1
208,-0.05,0.8743,0.015775,27.3684,1
209,-0.0513,0.8532,0.0148187,27.5542,1
210,-0.0523,0.8307,0.0138063,27.7397,1
211,-0.053,0.8068,0.0127375,27.9248,1
212,-0.0534,0.7815,0.0116125,28.1096,1
213,-0.0536,0.7548,0.01085,28.2939,1
214,-0.0534,0.7266,0.0092125,28.4779,1
215,-0.0529,0.7076,0.00791875,28.6614,1
216,-0.0521,0.6666,0.00656875,28.8447,1
217,-0.051,0.6343,0.0051625,29.0275,1
218,-0.0496,0.6006,0.0037,29.21,1
219,-0.048,0.5654,0.0026,29.3921,1
220,-0.0461,0.5288,0.00104375,29.5738,1
221,-0.0439,0.5013,-0.00056875,29.7551,0.997725
222,-0.0415,0.4624,-0.00181875,29.936,0.992725
223,-0.0388,0.4221,-0.003525,30.1166,0.9859
224,-0.0359,0.3909,-0.00486875,30.2961,0.980525
225,-0.0327,0.3482,-0.00666875,30.4738,0.973325
226,-0.0293,0.3146,-0.00810625,30.6495,0.967575
227,-0.0254,0.2696,-0.0108375,30.8237,0.95665
228,-0.0195,0.2337,-0.0199437,30.9955,0.920225
229,-0.0118,0.1654,-0.0285875,31.1658,0.88565
230,-0.004,-0.0623,-0.03045,31.3327,0.8782
231,0.0103,-0.2784,-0.0591313,31.4887,0.763475
232,0.0233,-0.3249,-0.0563688,31.6367,0.774525
233,0.0385,-1.0419,-0.0680187,31.7839,0.727925
234,0.0553,-0.9729,-0.0775688,31.8943,0.689725
235,0.0732,-1.2641,-0.085325,32.0201,0.6587
236,0.0907,-1.5029,-0.0870063,32.1243,0.651975
237,0.1078,-1.6968,-0.0886125,32.2236,0.64555
238,0.1244,-1.7388,-0.089725,32.3138,0.6411
239,0.1406,-1.779,-0.0911625,32.4047,0.63535
240,0.1562,-1.8068,-0.0916875,32.493,0.63325
241,0.1712,-1.8427,-0.0921,32.5807,0.6316
242,0.1856,-1.8559,-0.0924,32.6665,0.6304
243,0.1995,-1.8662,-0.0930063,32.7521,0.627975
244,0.2126,-1.8737,-0.0922625,32.837,0.63095
245,0.2251,-1.8888,-0.0922062,32.9216,0.631175
246,0.2369,-1.8702,-0.0916188,33.0054,0.633525
247,0.2479,-1.8688,-0.0904813,33.0902,0.638075
248,0.2582,-1.8541,-0.0896125,33.1746,0.64155
249,0.2677,-1.8257,-0.0881938,33.2597,0.647225
250,0.2765,-1.804,-0.0870438,33.3459,0.651825
251,0.2845,-1.7685,-0.0853437,33.4326,0.658625
252,0.2917,-1.7398,-0.0834938,33.5208,0.666025
253,0.2981,-1.6973,-0.0814937,33.6098,0.674025
254,0.3037,-1.651,-0.0793438,33.7005,0.682625
255,0.3086,-1.601,-0.0774625,33.7927,0.69015
256,0.3126,-1.5473,-0.0746125,33.8868,0.70155
257,0.3158,-1.5002,-0.0720125,33.9829,0.71195
258,0.3182,-1.429,-0.0692625,34.0805,0.72295
259,0.3199,-1.364,-0.0667813,34.1809,0.732875
260,0.3208,-1.2952,-0.06375,34.2835,0.745
261,0.321,-1.2332,-0.0609875,34.3887,0.75605
262,0.3204,-1.1574,-0.057675,34.4959,0.7693
263,0.319,-1.0884,-0.0542125,34.606,0.78315
264,0.317,-1.0055,-0.0514375,34.7185,0.79425
265,0.3143,-0.919,-0.0481313,34.8341,0.807475
266,0.3109,-0.8496,-0.0446937,34.9527,0.821225
267,0.3069,-0.7669,-0.0415437,35.0736,0.833825
268,0.3023,-0.681,-0.0382813,35.1977,0.846875
269,0.2971,-0.6023,-0.0349062,35.3247,0.860375
270,0.2913,-0.5207,-0.0314188,35.4545,0.874325
271,0.285,-0.4363,-0.0282375,35.5871,0.88705
272,0.2782,-0.3491,-0.0249625,35.7228,0.90015
273,0.2709,-0.2696,-0.0215937,35.8615,0.913625
274,0.2632,-0.1877,-0.01855,36.0029,0.9258
275,0.2551,-0.1035,-0.0154313,36.1471,0.938275
276,0.2467,-0.0274,-0.0126563,36.2943,0.949375
277,0.2379,0.0506,-0.00940625,36.4441,0.962375
278,0.2288,0.1199,-0.0065,36.5965,0.974
279,0.2195,0.2012,-0.00395625,36.7512,0.984175
280,0.21,0.2738,-0.001375,36.9088,0.9945
281,0.2003,0.3374,0.00124375,37.0688,1
282,0.1904,0.402,0.0039,37.2308,1
283,0.1805,0.4674,0.00575625,37.395,1
284,0.1705,0.5338,0.00803125,37.56,1
285,0.1605,0.5802,0.00990625,37.7245,1
286,0.1505,0.6371,0.0117813,37.8888,1
287,0.1406,0.684,0.0132375,38.0527,1
288,0.1307,0.7309,0.0150937,38.2163,1
289,0.121,0.7673,0.0161125,38.3795,1
290,0.1115,0.8137,0.0170937,38.5423,1
291,0.1022,0.8391,0.0180375,38.7048,1
292,0.0931,0.8637,0.0189437,38.867,1
293,0.0843,0.8873,0.0193938,39.0289,1
294,0.0758,0.9099,0.0197875,39.1904,1
295,0.0676,0.9212,0.020125,39.3516,1
296,0.0598,0.931,0.0199875,39.5124,1
297,0.0523,0.9395,0.0201937,39.673,1
298,0.0455,0.936,0.0186688,39.8332,1
299,0.0415,0.9412,0.00821875,39.9931,1
300,0.0433,0.9031,-0.0153187,40.1526,0.938725
301,0.0486,0.6418,-0.0303125,40.312,0.87875
302,0.0482,0.0534,-0.0074375,40.471,0.97025
303,0.0561,-0.3215,-0.0421187,40.6143,0.831525
304,0.0682,0.2504,-0.0611875,40.743,0.75525
305,0.0807,-0.6166,-0.0651312,40.8948,0.739475
306,0.0931,-1.0934,-0.0670563,41.0095,0.731775
307,0.1054,-1.1919,-0.0689625,41.1068,0.72415
308,0.1174,-1.2401,-0.0700125,41.2005,0.71995
309,0.129,-1.2877,-0.0705875,41.292,0.71765
310,0.1404,-1.314,-0.071925,41.3816,0.7123
311,0.1513,-1.3284,-0.0719687,41.47,0.712125
312,0.1618,-1.3618,-0.0723375,41.5578,0.71065
313,0.1718,-1.3629,-0.0722125,41.6441,0.71115
314,0.1813,-1.3721,-0.0719937,41.7303,0.712025
315,0.1901,-1.369,-0.0708438,41.8159,0.716625
316,0.1984,-1.3635,-0.0704,41.9016,0.7184
317,0.2061,-1.3348,-0.0694438,41.9874,0.722225
318,0.213,-1.3237,-0.0675375,42.0741,0.72985
319,0.2193,-1.2998,-0.0663187,42.1612,0.734725
320,0.2249,-1.2521,-0.0645687,42.249,0.741725
321,0.2298,-1.2216,-0.0626875,42.3386,0.74925
322,0.2339,-1.1779,-0.0602562,42.4292,0.758975
323,0.2373,-1.1309,-0.0580938,42.5213,0.767625
324,0.2399,-1.0701,-0.0553812,42.6151,0.778475
325,0.2418,-1.016,-0.0529375,42.711,0.78825
326,0.2429,-0.9482,-0.0499438,42.809,0.800225
327,0.2433,-0.8871,-0.0472187,42.9093,0.811125
328,0.243,-0.8123,-0.0443625,43.0118,0.82255
329,0.2419,-0.7441,-0.0409563,43.117,0.836175
330,0.2401,-0.6727,-0.0378188,43.2246,0.848725
331,0.2377,-0.5876,-0.0349687,43.3347,0.860125
332,0.2346,-0.5091,-0.0315875,43.4478,0.87365
333,0.2309,-0.4379,-0.0284937,43.5638,0.886025
334,0.2266,-0.3534,-0.0252875,43.6823,0.89885
335,0.2216,-0.276,-0.02155,43.8038,0.9138
336,0.2162,-0.1959,-0.0189375,43.928,0.92425
337,0.2103,-0.1024,-0.0158312,44.055,0.936675
338,0.2038,-0.0371,-0.0122125,44.1853,0.95115
339,0.197,0.0406,-0.0097375,44.3178,0.96105
340,0.1898,0.131,-0.0067875,44.453,0.97285
341,0.1822,0.1929,-0.0037625,44.5914,0.98495
342,0.1744,0.2666,-0.0015,44.7319,0.994
343,0.1663,0.3423,0.00121875,44.875,1
344,0.158,0.3988,0.003575,45.0206,1
345,0.1496,0.4668,0.00555,45.1681,1
346,0.1411,0.5257,0.00754375,45.3167,1
347,0.1325,0.5751,0.00955625,45.4652,1
348,0.1239,0.6249,0.0111688,45.6134,1
349,0.1153,0.6752,0.0127812,45.7612,1
350,0.1068,0.7156,0.013975,45.9088,1
351,0.1007,0.7559,0.00551875,46.056,1
352,0.0995,0.7857,-0.0138563,46.203,0.944575
353,0.1019,0.5743,-0.0287062,46.3497,0.885175
354,0.1087,0.0899,-0.0475813,46.4961,0.809675
355,0.1197,-0.2813,-0.0664437,46.63,0.734225
356,0.1323,-0.7532,-0.0752063,46.7491,0.699175
357,0.1446,-1.2248,-0.0763125,46.8495,0.69475
358,0.1564,-1.4438,-0.076525,46.9311,0.6939
359,0.1677,-1.4715,-0.0766437,47.0034,0.693425
360,0.1783,-1.4768,-0.0758312,47.074,0.696675
361,0.1883,-1.4798,-0.0753063,47.1441,0.698775
362,0.1976,-1.4594,-0.07425,47.2141,0.703
363,0.2061,-1.4463,-0.0726438,47.2847,0.709425
364,0.2139,-1.4199,-0.0713063,47.3558,0.714775
365,0.2208,-1.3798,-0.069,47.4278,0.724
366,0.2269,-1.3463,-0.0669437,47.5012,0.732225
367,0.2322,-1.2887,-0.0647375,47.5759,0.74105
368,0.2365,-1.2373,-0.0615437,47.6526,0.753825
369,0.2399,-1.1821,-0.0585813,47.7313,0.765675
370,0.2425,-1.1023,-0.0558687,47.812,0.776525
371,0.2441,-1.0282,-0.0521688,47.8955,0.791325
372,0.2448,-0.9604,-0.0487,47.9819,0.8052
373,0.2447,-0.8679,-0.0454813,48.0707,0.818075
374,0.2436,-0.7812,-0.041275,48.1628,0.8349
375,0.2417,-0.7007,-0.0377187,48.2582,0.849125
376,0.239,-0.5955,-0.0340125,48.3564,0.86395
377,0.2354,-0.5066,-0.0297375,48.4585,0.88105
378,0.2311,-0.414,-0.0261313,48.5637,0.895475
379,0.226,-0.3071,-0.021975,48.6725,0.9121
380,0.2203,-0.2169,-0.0185062,48.7849,0.925975
381,0.2138,-0.113,-0.0140875,48.9007,0.94365
382,0.2068,-0.0263,-0.010775,49.0201,0.9569
383,0.1992,0.0841,-0.00695,49.1427,0.9722
384,0.1911,0.167,-0.00343125,49.2691,0.986275
385,0.1826,0.2626,-0.0002375,49.3986,0.99905
386,0.1737,0.3506,0.00303125,49.5313,1
387,0.1148,0.4304,0.214075,50.3601,1
388,0.0836,0.5121,0.109125,50.7732,1
389,0.0751,5.7882,0.0199187,50.895,1
390,0.062,3.1645,0.040775,51.1576,1
391,0.0594,0.9343,-0.0007375,51.2934,0.99705
392,0.0663,1.4557,-0.0400312,51.4293,0.839875
393,0.0725,0.4179,-0.0383937,51.5652,0.846425
394,0.0843,-0.5644,-0.0630063,51.6997,0.747975
395,0.102,-0.5235,-0.089925,51.8017,0.6403
396,0.1215,-1.1388,-0.100781,51.8996,0.596875
397,0.1409,-1.8118,-0.104019,51.975,0.583925
398,0.1599,-2.0832,-0.105981,52.0241,0.576075
399,0.1784,-2.1641,-0.10745,52.0607,0.5702
400,0.1963,-2.2132,-0.108406,52.0929,0.566375
401,0.2134,-2.2499,-0.108413,52.1229,0.56635
402,0.2296,-2.2738,-0.10785,52.1515,0.5686
403,0.2449,-2.274,-0.107119,52.1791,0.571525
404,0.259,-2.2599,-0.104963,52.2068,0.58015
405,0.272,-2.2416,-0.103,52.235,0.588
406,0.2837,-2.1877,-0.0999937,52.2641,0.600025
407,0.2941,-2.1387,-0.0967437,52.2952,0.613025
408,0.3031,-2.0635,-0.0928313,52.3284,0.628675
409,0.3106,-1.9823,-0.0882375,52.3644,0.64705
410,0.3167,-1.8844,-0.0837812,52.4036,0.664875
411,0.3213,-1.7696,-0.0786437,52.4465,0.685425
412,0.3244,-1.6582,-0.073225,52.4939,0.7071
413,0.3259,-1.5298,-0.0671063,52.5457,0.731575
414,0.326,-1.3943,-0.061525,52.6023,0.7539
415,0.3245,-1.2413,-0.0548437,52.664,0.780625
416,0.3216,-1.1018,-0.0487,52.7315,0.8052
417,0.3172,-0.9348,-0.041875,52.8043,0.8325
418,0.3115,-0.7812,-0.0356063,52.8833,0.857575
419,0.3044,-0.6105,-0.028675,52.9681,0.8853
420,0.296,-0.4538,-0.0219,53.0592,0.9124
421,0.2865,-0.2805,-0.0157187,53.1562,0.937125
422,0.2758,-0.1112,-0.0089125,53.2595,0.96435
423,0.2641,0.0434,-0.00271875,53.3691,0.989125
424,0.2514,0.2135,0.0036625,53.4843,1
425,0.2379,0.3684,0.00939375,53.6058,1
426,0.2236,0.5279,0.015275,53.7329,1
427,0.2088,0.6712,0.02005,53.8629,1
428,0.1934,0.8182,0.0253375,53.9932,1
429,0.1776,0.9376,0.0299,54.1233,1
430,0.1615,1.0698,0.0341188,54.2531,1
431,0.1453,1.1838,0.0375562,54.3826,1
432,0.1291,1.2893,0.0405938,54.5118,1
433,0.097,1.3752,0.110212,54.7693,1
434,0.0814,1.4512,0.0471375,54.8976,1
435,0.0668,3.1916,0.045875,55.0226,1
436,0.0528,1.6148,0.0461,55.1496,1
437,0.0396,1.5832,0.045375,55.2771,1
438,0.0272,1.5888,0.0445,55.4045,1
439,0.0239,1.5707,0.00871875,55.5317,1
440,0.0503,1.5488,-0.115031,55.6586,0.539875
441,0.0386,0.6543,0.0395625,55.7857,1
442,0.056,-2.4394,-0.0801,55.9082,0.6796
443,0.086,1.4254,-0.136125,55.9434,0.4555
444,0.116,-1.5662,-0.14175,56.0524,0.433
445,0.1455,-2.9668,-0.145281,56.1071,0.418875
446,0.174,-3.1074,-0.146625,56.1075,0.4135
447,0.2014,-3.1957,-0.147363,56.0943,0.41055
448,0.2276,-3.2293,-0.147475,56.076,0.4101
449,0.2521,-3.2477,-0.145269,56.056,0.418925
450,0.2751,-3.2505,-0.143581,56.0353,0.425675
451,0.2961,-3.1954,-0.139519,56.0149,0.441925
452,0.3152,-3.1532,-0.1355,55.9967,0.458
453,0.3323,-3.0516,-0.130706,55.9806,0.477175
454,0.3471,-2.9512,-0.124281,55.9686,0.502875
455,0.3597,-2.8313,-0.117844,55.9609,0.528625
456,0.3701,-2.6707,-0.110994,55.9581,0.556025
457,0.378,-2.5098,-0.102475,55.9617,0.5901
458,0.3836,-2.3385,-0.094325,55.9718,0.6227
459,0.3877,-2.1255,-0.0890937,56.0136,0.643625
460,0.3861,-1.9218,-0.0659938,56.04,0.736025
461,0.3822,-1.791,-0.0560625,56.0733,0.77575
462,0.3759,-1.2135,-0.0452813,56.1123,0.818875
463,0.3676,-0.9652,-0.035725,56.1705,0.8571
464,0.3571,-0.6957,-0.0249562,56.2398,0.900175
465,0.3446,-0.4568,-0.0146125,56.3195,0.94155
466,0.3304,-0.1876,-0.00515,56.4084,0.9794
467,0.3144,0.071,0.00505,56.5071,1
468,0.2779,0.3076,0.0938938,56.7328,1
469,0.2575,0.5626,0.0333187,56.8517,1
470,0.2368,2.7837,0.0384,56.9712,1
471,0.2153,1.2693,0.0456313,57.0935,1
472,0.1932,1.3963,0.052175,57.2166,1
473,0.1708,1.5771,0.057575,57.3394,1
474,0.1481,1.7407,0.0630312,57.4619,1
475,0.128,1.8757,0.0564,57.5839,1
476,0.1138,2.0121,0.0354625,57.7057,1
477,0.1024,1.8463,0.0264,57.8275,1
478,0.0972,1.3229,0.002575,57.9496,1
479,0.0929,1.0963,-0.00021875,58.0717,0.999125
480,0.0848,0.5007,0.0165,58.3155,1
481,0.0812,0.4309,-0.000825,58.4371,0.9967
482,0.0779,0.8488,-0.00140625,58.5582,0.994375
483,0.0723,0.4157,0.00884375,58.7994,1
484,0.0667,0.4012,0.00989375,59.1573,1
485,0.0667,0.4012,-0.0125063,59.1573,0.949975
486,0.0653,0.6837,-0.00664375,59.395,0.973425
487,0.0652,0.1237,-0.011825,59.5143,0.9527
488,0.0656,0.2702,-0.0139,59.6244,0.9444
489,0.0664,0.1407,-0.01565,59.7363,0.9374
490,0.0676,0.0888,-0.017475,59.8447,0.9301
491,0.0692,0.0451,-0.019375,59.9506,0.9225
492,0.0711,-0.0005,-0.0209312,60.0544,0.916275
493,0.0734,-0.048,-0.0229625,60.1562,0.90815
494,0.0759,-0.0869,-0.0242312,60.2559,0.903075
495,0.0787,-0.1377,-0.0259563,60.3538,0.896175
496,0.0818,-0.1694,-0.0277375,60.4497,0.88905
497,0.0851,-0.2126,-0.0291562,60.544,0.883375
498,0.0885,-0.2571,-0.0301937,60.6364,0.879225
499,0.092,-0.2926,-0.03125,60.727,0.875
500,0.0957,-0.3185,-0.0327437,60.816,0.869025
501,0.0994,-0.3449,-0.0334375,60.9036,0.86625
502,0.1031,-0.3823,-0.0341312,60.99,0.863475
503,0.1075,-0.3996,-0.0377563,61.0747,0.848975
504,-0.1409,-0.4169,1,61.1587,1
505,0.1604,-0.5076,-1,61.2417,0
506,0.194,25,-0.170775,61.2828,0.3169
507,0.2402,-24.5637,-0.229837,61.2797,0.3
508,0.2867,-3.833,-0.239756,61.0998,0.3
509,0.3311,-5.3096,-0.239681,61.0211,0.3
510,0.373,-5.5576,-0.237537,60.9503,0.3
511,0.412,-5.5557,-0.23325,60.8818,0.3
512,0.4476,-5.5021,-0.226325,60.8148,0.3
513,0.4798,-5.3949,-0.218763,60.7496,0.3
514,0.5082,-5.2218,-0.208887,60.6862,0.3
515,0.5326,-5.0327,-0.197462,60.6245,0.3
516,0.5528,-4.7859,-0.18445,60.5645,0.3
517,0.5689,-4.5002,-0.171069,60.5062,0.315725
518,0.5806,-4.1749,-0.155663,60.4494,0.37735
519,0.5879,-3.8404,-0.139431,60.3939,0.442275
520,0.5909,-3.4552,-0.122794,60.3425,0.508825
521,0.5896,-3.0495,-0.10535,60.3043,0.5786
522,0.5841,-2.6335,-0.0875187,60.2818,0.649925
523,0.5745,-2.1974,-0.0693188,60.2757,0.722725
524,0.5609,-1.7516,-0.0507687,60.2865,0.796925
525,0.4974,-1.2966,0.160737,60.4091,1
526,0.4689,-0.8329,0.0260813,60.4593,1
527,0.4389,4.4548,0.0377062,60.5112,1
528,0.4066,1.0884,0.0529625,60.6108,1
529,0.3721,1.379,0.0682313,60.722,1
530,0.336,1.7604,0.0814,60.8355,1
531,0.2984,2.1421,0.09445,60.9491,1
532,0.2598,2.4713,0.105688,61.0621,1
533,0.2205,2.7976,0.115856,61.1745,1
534,0.181,3.0785,0.124063,61.2862,1
535,0.1415,3.3327,0.131469,61.3972,1
536,0.1025,3.5379,0.136781,61.5077,1
537,0.0643,3.7231,0.140744,61.6176,1
538,0.0273,3.8559,0.142881,61.7273,1
539,-0.0083,3.9549,0.143956,61.8367,1
540,-0.042,4.0084,0.142675,61.946,1
541,-0.0737,4.0352,0.140619,62.0553,1
542,-0.103,4.0032,0.136512,62.1647,1
543,-0.1297,3.9518,0.131119,62.2742,1
544,-0.1536,3.8491,0.1244,62.384,1
545,-0.1745,3.7143,0.116319,62.494,1
546,-0.1923,3.5463,0.107256,62.6044,1
547,-0.2065,3.3443,0.0955187,62.7151,1
548,-0.2167,3.1177,0.0814313,62.826,1
549,0.2317,2.8243,-1,62.9372,0
550,-0.1666,2.4721,1,63.0488,1
551,-0.1109,-24.5637,-0.202006,63.1284,0.3
552,-0.0498,25,-0.235063,62.936,0.3
553,0.0123,-4.6138,-0.250706,62.906,0
554,0.0744,-5.4402,-0.26235,62.843,0
555,0.136,-5.8313,-0.2719,62.7681,0
556,0.1964,-6.1224,-0.278425,62.636,0
557,0.2549,-6.3612,-0.281794,62.4898,0
558,0.311,-6.5243,-0.282712,62.3401,0
559,0.3643,-6.6085,-0.281506,62.1904,0
560,0.4143,-6.6315,-0.277681,62.0421,0
561,0.4605,-6.6013,-0.271144,61.8954,0
562,0.5026,-6.5057,-0.262638,61.7508,0
563,0.5402,-6.3423,-0.251687,61.6085,0
564,0.5732,-6.1296,-0.239475,61.4686,0.3
565,0.6012,-5.8559,-0.224725,61.331,0.3
566,0.6242,-5.5505,-0.209038,61.1957,0.3
567,0.6421,-5.1818,-0.191994,61.1154,0.3
568,0.6547,-4.7896,-0.173156,61.0515,0.307375
569,0.6621,-4.3635,-0.153744,60.9931,0.385025
570,0.6643,-3.8926,-0.133356,60.9372,0.466575
571,0.6614,-3.4073,-0.112412,60.8841,0.55035
572,0.6535,-2.8976,-0.0909312,60.8467,0.636275
573,0.6407,-2.374,-0.0689313,60.8285,0.724275
574,0.627,-1.8369,-0.0627625,60.8305,0.74895
575,0.6211,-1.2869,-0.0928562,60.8533,0.628575
576,0.6231,-1.1327,-0.124831,60.8969,0.500675
577,0.6252,-1.8851,-0.125625,60.9492,0.4975
578,0.6226,-2.6845,-0.106338,60.9802,0.57465
579,0.6153,-2.7043,-0.0861687,60.9828,0.655325
580,0.6034,-2.2221,-0.0655375,60.979,0.73785
581,0.587,-1.7179,-0.0444625,60.9885,0.82215
582,0.5664,-1.2021,-0.0238,61.016,0.9048
583,0.5418,-0.6752,-0.0031875,61.0628,0.98725
584,0.5136,-0.1587,0.0165,61.1293,1
585,0.4819,0.3566,0.0364437,61.2151,1
586,0.4471,0.8488,0.0553687,61.3199,1
587,0.4096,1.3474,0.0732,61.4311,1
588,0.3698,1.8206,0.0898625,61.5434,1
589,0.328,2.2663,0.1057,61.6555,1
590,0.2848,2.6829,0.1194,61.7667,1
591,0.2406,3.0788,0.131687,61.877,1
592,0.1958,3.4213,0.142488,61.9863,1
593,0.1508,3.7285,0.151725,62.0948,1
594,0.1061,3.9985,0.158906,62.2026,1
595,0.0622,4.2295,0.163938,62.3096,1
596,0.0194,4.409,0.167563,62.4163,1
597,-0.0218,4.5348,0.168887,62.5226,1
598,-0.0611,4.6254,0.168656,62.6287,1
599,-0.105,4.6585,0.195287,62.7349,1
600,-0.0993,4.6527,-0.00418125,62.8413,0.983275
601,-0.0468,5.3185,-0.201225,62.9453,0.3
602,-0.0072,0.3318,-0.15705,63.055,0.3718
603,0.033,-4.5943,-0.166988,63.1439,0.33205
604,0.0732,-3.4899,-0.174525,63.1141,0.3019
605,0.1129,-3.7384,-0.179969,63.0674,0.3
606,0.1518,-3.9268,-0.184062,63.0089,0.3
607,0.1895,-4.0629,-0.186331,62.9423,0.3
608,0.2257,-4.1652,-0.187119,62.8739,0.3
609,0.2599,-4.222,-0.185531,62.8057,0.3
610,0.292,-4.2416,-0.18315,62.7383,0.3
611,0.3216,-4.2019,-0.1787,62.6719,0.3
612,0.3485,-4.1424,-0.172944,62.6067,0.308225
613,0.3725,-4.0312,-0.165844,62.5426,0.336625
614,0.3934,-3.8873,-0.157363,62.4799,0.37055
615,0.4111,-3.7098,-0.147881,62.4197,0.408475
616,0.4255,-3.4977,-0.137381,62.3662,0.450475
617,0.4365,-3.2607,-0.125844,62.3211,0.496625
618,0.444,-2.9982,-0.11325,62.2857,0.547
619,0.4481,-2.7098,-0.100419,62.2612,0.598325
620,0.4488,-2.3949,-0.08695,62.2481,0.6522
621,0.4461,-2.0741,-0.0728438,62.2473,0.708625
622,0.44,-1.7374,-0.0581,62.2593,0.7676
623,0.4308,-1.3848,-0.043975,62.2843,0.8241
624,0.4185,-1.0162,-0.0292687,62.3228,0.882925
625,0.4033,-0.663,-0.0148188,62.3752,0.940725
626,0.3853,-0.2954,-0.00024375,62.4412,0.999025
627,0.3647,0.0659,0.0140187,62.5208,1
628,0.3418,0.4302,0.0275125,62.6139,1
629,0.3167,0.7868,0.0410188,62.7204,1
630,0.2899,1.1241,0.0528437,62.8302,1
631,0.2614,1.4618,0.0649875,62.9406,1
632,0.2317,1.7574,0.0753563,63.0508,1
633,0.2011,2.061,0.0846937,63.1605,1
634,0.1698,2.3202,0.0933625,63.2697,1
635,0.1382,2.5537,0.100488,63.3783,1
636,0.1066,2.7704,0.106412,63.4862,1
637,0.0753,2.9485,0.111081,63.594,1
638,0.0446,3.0966,0.114438,63.7012,1
639,0.0149,3.2134,0.116006,63.8081,1
640,-0.0137,3.2973,0.116969,63.9147,1
641,-0.0406,3.3365,0.115212,64.0209,1
642,0.0862,3.3606,-0.523362,64.1274,0
643,0.1368,3.3166,-0.22805,64.2339,0.3
644,-0.0412,-12.6477,0.719725,64.2821,1
645,-0.003,-5.2649,-0.152237,64.182,0.39105
646,0.0384,18.4295,-0.1728,64.0579,0.3088
647,0.0793,-3.3696,-0.178469,64.0743,0.3
648,0.1192,-3.8837,-0.18195,64.0435,0.3
649,0.1578,-4.0254,-0.183987,63.985,0.3
650,0.1947,-4.1124,-0.184106,63.9181,0.3
651,0.2296,-4.1634,-0.18265,63.8492,0.3
652,0.2621,-4.1663,-0.179144,63.7805,0.3
653,0.292,-4.1299,-0.17435,63.7126,0.3026
654,0.3191,-4.0423,-0.168231,63.6458,0.327075
655,0.3432,-3.9224,-0.16075,63.5801,0.357
656,0.3641,-3.7694,-0.151869,63.516,0.392525
657,0.3817,-3.5824,-0.141969,63.4575,0.432125
658,0.3959,-3.3604,-0.131031,63.4064,0.475875
659,0.4066,-3.1129,-0.119038,63.3647,0.52385
660,0.4139,-2.8394,-0.106806,63.333,0.572775
661,0.4348,-2.5396,-0.165125,63.3123,0.3395
662,0.4849,-2.2338,-0.291319,63.3034,0
663,0.5606,-3.6918,-0.407912,63.3027,0
664,0.6344,-6.8466,-0.41415,63.2479,0
665,0.7015,-9.7615,-0.399931,63.1006,0
666,0.7611,-9.9174,-0.381106,62.9327,0
667,0.8129,-9.562,-0.359619,62.7639,0
668,0.8565,-9.0913,-0.334994,62.5998,0
669,0.8915,-8.5541,-0.307156,62.4418,0
670,0.9179,-7.9385,-0.277706,62.2903,0
671,0.9357,-7.2426,-0.246644,62.145,0.3
672,0.9448,-6.5063,-0.21355,62.0049,0.3
673,0.9454,-5.7298,-0.179663,61.8694,0.3
674,0.9377,-4.9024,-0.145019,61.7898,0.419925
675,0.922,-4.0552,-0.110075,61.7275,0.5597
676,0.8985,-3.1891,-0.0744687,61.6709,0.702125
677,0.8676,-2.3155,-0.039075,61.6384,0.8437
678,0.8298,-1.4254,-0.0043875,61.6377,0.98245
679,0.7855,-0.5405,0.0299188,61.6705,1
680,0.7352,0.3266,0.06335,61.7364,1
681,0.6795,1.1843,0.0953937,61.8335,1
682,0.619,2.0201,0.125937,61.9398,1
683,0.5545,2.8212,0.154031,62.0471,1
684,0.4866,3.5848,0.180363,62.1529,1
685,0.4162,4.2871,0.203562,62.2564,1
686,0.3621,4.9454,0.148506,62.3576,1
687,0.3486,5.5254,-0.0113625,62.4565,0.95455
688,0.373,4.149,-0.167537,62.5611,0.32985
689,0.3965,0.1523,-0.168344,62.6701,0.326625
690,0.4169,-3.7521,-0.159769,62.7594,0.360925
691,0.4338,-3.7723,-0.148938,62.7334,0.40425
692,0.4473,-3.5579,-0.137869,62.6804,0.448525
693,0.4572,-3.2871,-0.125325,62.6283,0.4987
694,0.4635,-3.0104,-0.112106,62.5857,0.551575
695,0.4663,-2.6968,-0.0986312,62.5549,0.605475
696,0.4655,-2.3663,-0.0840813,62.5373,0.663675
697,0.4613,-2.0294,-0.0696937,62.5335,0.721225
698,0.4537,-1.6657,-0.0546688,62.5438,0.781325
699,0.4429,-1.306,-0.0398438,62.5687,0.840625
700,0.4291,-0.9304,-0.0252562,62.608,0.898975
701,0.4124,-0.5598,-0.010525,62.662,0.9579
702,0.3929,-0.1951,0.00433125,62.7303,1
703,0.371,0.1732,0.0180375,62.8126,1
704,0.3735,0.5446,-0.0800313,62.9088,0.679875
705,0.3981,0.8873,-0.173044,63.0159,0.307825
706,0.4384,-1.5644,-0.2434,63.1236,0.3
707,0.4762,-3.8898,-0.240488,63.1681,0.3
708,0.5619,-5.6487,-0.448156,62.9757,0
709,0.5803,-5.5759,-0.182406,62.9012,0.3
710,0.5917,-10.7676,-0.156544,62.7917,0.373825
711,0.5974,-4.1238,-0.134813,62.6661,0.46075
712,0.5977,-3.4773,-0.113269,62.5886,0.546925
713,0.5926,-2.934,-0.0907125,62.5384,0.63715
714,0.5824,-2.3954,-0.0684,62.5117,0.7264
715,0.5673,-1.8315,-0.0459688,62.5072,0.816125
716,0.5474,-1.2737,-0.0230375,62.5249,0.90785
717,0.523,-0.7129,-0.0004625,62.5643,0.99815
718,0.4945,-0.1396,0.0212813,62.6251,1
719,0.4622,0.4248,0.0425375,62.7072,1
720,0.4263,0.9684,0.0636687,62.8102,1
721,0.3875,1.4998,0.0825437,62.9183,1
722,0.346,2.0281,0.101125,63.0272,1
723,0.3025,2.4999,0.117281,63.1357,1
724,0.2572,2.9645,0.132975,63.2432,1
725,0.2109,3.3684,0.145656,63.3497,1
726,0.1639,3.7607,0.157269,63.4551,1
727,0.1168,4.0777,0.1665,63.5595,1
728,0.07,4.3681,0.174075,63.6631,1
729,0.0402,4.5988,0.111663,63.766,1
730,0.0582,4.7882,-0.0829125,63.8684,0.66835
731,0.1409,3.2279,-0.357219,63.9748,0
732,0.2428,-1.6365,-0.453125,64.0787,0
733,0.3422,-8.4941,-0.461763,64.0861,0
734,0.438,-10.8918,-0.465325,63.9377,0
735,0.5294,-11.1077,-0.464862,63.7502,0
736,0.6155,-11.1968,-0.459806,63.5536,0
737,0.6956,-11.1852,-0.450825,63.3567,0
738,0.7689,-11.0588,-0.437369,63.1628,0
739,0.8349,-10.8343,-0.420544,62.9739,0
740,0.893,-10.4979,-0.399838,62.7913,0
741,0.9427,-10.0773,-0.375556,62.6156,0
742,0.9836,-9.5596,-0.348025,62.4474,0
743,1.0156,-8.9526,-0.318425,62.2868,0
744,1.0384,-8.2643,-0.2859,62.1336,0
745,1.0521,-7.5243,-0.252069,61.9872,0
746,1.0568,-6.7112,-0.21695,61.8467,0.3
747,1.0525,-5.8654,-0.180144,61.7112,0.3
748,1.0396,-4.9874,-0.143325,61.5795,0.4267
749,1.0213,-4.0673,-0.118294,61.5032,0.526825
750,1.0184,-3.1468,-0.17935,61.4435,0.3
751,1.0348,-2.521,-0.259625,61.4116,0
752,1.0492,-4.0474,-0.254325,61.4014,0
753,1.0548,-6.0543,-0.220175,61.3463,0.3
754,1.0393,-5.9218,-0.132869,61.0967,0.468525
755,1.0184,-5.068,-0.10735,60.9644,0.5706
756,0.9895,-2.8854,-0.0699313,60.8909,0.720275
757,0.953,-2.2474,-0.0326875,60.8639,0.86925
758,0.9092,-1.3119,0.004725,60.8671,1
759,0.8588,-0.3809,0.040575,60.905,1
760,0.8024,0.5545,0.07515,60.9774,1
761,0.7405,1.4507,0.108756,61.0808,1
762,0.6738,2.3151,0.140463,61.19,1
763,0.6031,3.1552,0.169719,61.3002,1
764,0.5291,3.9479,0.196794,61.4072,1
765,0.4983,4.6793,0.0297687,61.5116,1
766,0.5042,5.3562,-0.118137,61.6133,0.52745
767,0.5413,1.1806,-0.249894,61.7232,0.3
768,0.5777,-2.5171,-0.253919,61.8284,0
769,0.6093,-5.811,-0.240644,61.8288,0.3
770,0.6358,-5.9116,-0.225213,61.7645,0.3
771,0.6569,-5.5798,-0.207569,61.6351,0.3
772,0.6725,-5.194,-0.188494,61.5471,0.3
773,0.6828,-4.7529,-0.169225,61.4727,0.3231
774,0.6875,-4.276,-0.147706,61.4046,0.409175
775,0.6869,-3.7943,-0.126394,61.3406,0.494425
776,0.681,-3.2563,-0.104088,61.284,0.58365
777,0.67,-2.7235,-0.081625,61.2466,0.6735
778,0.6542,-2.1659,-0.0594625,61.2307,0.76215
779,0.6336,-1.6043,-0.0364,61.2374,0.8544
780,0.6086,-1.0502,-0.0141125,61.2661,0.94355
781,0.5795,-0.4737,0.00774375,61.3165,1
782,0.5466,0.0835,0.0291125,61.3889,1
783,0.5102,0.6299,0.0499375,61.4823,1
784,0.4706,1.1641,0.0701625,61.5909,1
785,0.4283,1.6848,0.0888938,61.7024,1
786,0.3838,2.1904,0.106038,61.814,1
787,0.3375,2.6587,0.121919,61.9251,1
788,0.2898,3.0873,0.136463,62.0354,1
789,0.2413,3.4843,0.148756,62.1447,1
790,0.1925,3.8479,0.159106,62.2531,1
791,0.1438,4.1552,0.167837,62.3605,1
792,0.0956,4.414,0.174875,62.4671,1
793,0.0564,4.6323,0.146225,62.5731,1
794,0.0585,4.8082,-0.0193688,62.6786,0.922525
795,0.1003,4.092,-0.186006,62.7864,0.3
796,0.1708,-0.0479,-0.314025,62.8962,0
797,0.2404,-4.2138,-0.323475,62.9764,0
798,0.3076,-7.4143,-0.326475,62.9197,0
799,0.3719,-7.6505,-0.326931,62.776,0
800,0.4325,-7.7255,-0.323494,62.6137,0
801,0.4889,-7.7369,-0.317269,62.4484,0
802,0.5406,-7.651,-0.308162,62.2849,0
803,0.5872,-7.4954,-0.2965,62.125,0
804,0.6284,-7.2677,-0.282625,61.9692,0
805,0.6638,-6.9762,-0.266062,61.8177,0
806,0.6932,-6.6293,-0.247575,61.6704,0.3
807,0.7165,-6.2152,-0.227544,61.5273,0.3
808,0.7337,-5.753,-0.206369,61.3879,0.3
809,0.7446,-5.2523,-0.183213,61.3047,0.3
810,0.7494,-4.7229,-0.159712,61.2388,0.36115
811,0.748,-4.144,-0.13465,61.1793,0.4614
812,0.7407,-3.5565,-0.109681,61.1227,0.561275
813,0.7276,-2.9299,-0.084025,61.0792,0.6639
814,0.7089,-2.3057,-0.0581187,61.058,0.767525
815,0.6849,-1.6643,-0.0324187,61.0609,0.870325
816,0.6558,-1.0166,-0.0065625,61.0884,0.97375
817,0.622,-0.3741,0.018575,61.1405,1
818,0.5926,0.2723,0.0064875,61.217,1
819,0.5791,0.9007,-0.0545812,61.3165,0.781675
820,0.5804,0.5985,-0.114025,61.4267,0.5439
821,0.5777,-0.9282,-0.0975187,61.5395,0.609925
822,0.5706,-2.4143,-0.0785875,61.6119,0.68565
823,0.5593,-2.0016,-0.0596688,61.6318,0.761325
824,0.5438,-1.5284,-0.0399625,61.6518,0.84015
825,0.5245,-1.0554,-0.0211438,61.6858,0.915425
826,0.5015,-0.5627,-0.00203125,61.7369,0.991875
827,0.4751,-0.0923,0.0165187,61.8063,1
828,0.4455,0.3856,0.0348688,61.8934,1
829,0.4132,0.8493,0.051725,61.9982,1
830,0.3784,1.3081,0.06825,62.1087,1
831,0.3415,1.7295,0.0835687,62.2202,1
832,0.3029,2.1426,0.0976063,62.3313,1
833,0.2629,2.5256,0.110706,62.4419,1
834,0.2441,3.204,0.0294313,62.6611,1
835,0.2703,3.204,-0.155481,62.7702,0.378075
836,0.3046,1.1721,-0.194312,62.881,0.3
837,0.3369,-3.4507,-0.192369,62.9816,0.3
838,0.3666,-4.4215,-0.187538,62.9655,0.3
839,0.3934,-4.3729,-0.180963,62.9074,0.3
840,0.4171,-4.2521,-0.173006,62.8403,0.307975
841,0.4375,-4.0877,-0.163631,62.7723,0.345475
842,0.4544,-3.8888,-0.1528,62.7054,0.3888
843,0.4678,-3.6544,-0.141312,62.6417,0.43475
844,0.4776,-3.3837,-0.12875,62.5868,0.485
845,0.4837,-3.0965,-0.115094,62.5432,0.539625
846,0.4862,-2.7824,-0.101163,62.5117,0.59535
847,0.485,-2.441,-0.0861375,62.4932,0.65545
848,0.4804,-2.0927,-0.071675,62.4885,0.7133
849,0.4723,-1.7171,-0.0561563,62.4978,0.775375
850,0.4609,-1.3555,-0.0408187,62.5219,0.836725
851,0.4463,-0.9676,-0.0252812,62.5603,0.898875
852,0.4287,-0.5841,-0.00998125,62.6135,0.960075
853,0.4082,-0.1957,0.0054625,62.6815,1
854,0.3852,0.1868,0.019775,62.7639,1
855,0.3598,0.5729,0.0341375,62.8606,1
856,0.3322,0.9307,0.0481125,62.9678,1
857,0.3029,1.2898,0.0604062,63.0775,1
858,0.272,1.6391,0.0726,63.1875,1
859,0.24,1.9465,0.083,63.2973,1
860,0.2071,2.2513,0.0927687,63.4066,1
861,0.1736,2.5113,0.10145,63.5152,1
862,0.1399,2.7556,0.108569,63.6233,1
863,0.1064,2.9726,0.11405,63.7308,1
864,0.0733,3.1506,0.118656,63.8377,1
865,0.0421,3.2876,0.116906,63.9443,1
866,0.0506,3.4027,-0.0434875,64.0508,0.82605
867,0.0263,3.359,0.0922687,64.1569,1
868,0.0483,-0.6509,-0.0970563,64.264,0.611775
869,0.0758,2.7431,-0.124213,64.3412,0.50315
870,0.1033,-1.9901,-0.129369,64.437,0.482525
871,0.1304,-2.669,-0.13285,64.4686,0.4686
872,0.1566,-2.7979,-0.134163,64.4635,0.46335
873,0.1819,-2.8849,-0.135306,64.4454,0.458775
874,0.2058,-2.9177,-0.134188,64.4216,0.46325
875,0.2283,-2.9463,-0.132806,64.3957,0.468775
876,0.2491,-2.9184,-0.129906,64.3688,0.480375
877,0.268,-2.8838,-0.12585,64.3429,0.4966
878,0.2849,-2.8113,-0.121019,64.3188,0.515925
879,0.2996,-2.7099,-0.114975,64.2976,0.5401
880,0.3121,-2.5891,-0.108519,64.2806,0.565925
881,0.3222,-2.438,-0.100812,64.2685,0.59675
882,0.3299,-2.2766,-0.0926563,64.2625,0.629375
883,0.3352,-2.084,-0.08405,64.2629,0.6638
884,0.338,-1.8801,-0.074575,64.2709,0.7017
885,0.3383,-1.6649,-0.0646312,64.2869,0.741475
886,0.3363,-1.428,-0.0550562,64.3113,0.779775
887,0.3318,-1.1794,-0.0442125,64.3447,0.82315
888,0.325,-0.9401,-0.0337375,64.3876,0.86505
889,0.3192,-0.669,-0.03665,64.4398,0.8534
890,0.3368,-0.4071,-0.13355,64.5021,0.4658
891,0.354,-0.4799,-0.135175,64.5742,0.4593
892,0.3854,-2.9024,-0.197863,64.6432,0.3
893,0.4157,-2.943,-0.199144,64.6437,0.3
894,0.4423,-4.5102,-0.189331,64.6193,0.3
895,0.4649,-4.5423,-0.177569,64.5609,0.3
896,0.4833,-4.2969,-0.164219,64.4951,0.343125
897,0.4973,-4.0029,-0.149244,64.4285,0.403025
898,0.5071,-3.6691,-0.134281,64.3629,0.462875
899,0.5124,-3.2948,-0.117275,64.3063,0.5309
900,0.5134,-2.9207,-0.100263,64.2635,0.59895
901,0.5101,-2.4955,-0.0824438,64.2359,0.670225
902,0.5027,-2.0702,-0.0646563,64.2249,0.741375
903,0.4912,-1.6248,-0.0461,64.2308,0.8156
904,0.4759,-1.1801,-0.0280312,64.254,0.887875
905,0.4569,-0.7162,-0.00966875,64.2944,0.961325
906,0.4344,-0.2644,0.00855,64.3523,1
907,0.4087,0.1946,0.0261688,64.4273,1
908,0.3801,0.6501,0.0431313,64.5193,1
909,0.202,1.0906,0.674525,65.0495,1
910,0.1182,1.5146,0.313038,65.2628,1
911,0.0775,17.2995,0.148269,65.306,1
912,0.0391,8.2623,0.146269,65.3592,1
913,0.0021,4.1431,0.147606,65.4507,1
914,-0.0332,4.0931,0.147425,65.5504,1
915,-0.0664,4.1265,0.14525,65.6517,1
916,-0.0973,4.122,0.141844,65.7534,1
917,-0.1254,4.0676,0.135913,65.8553,1
918,-0.1507,3.9824,0.129456,65.9574,1
919,-0.1728,3.8341,0.1208,66.0599,1
920,-0.1914,3.6727,0.110287,66.1626,1
921,-0.2017,3.4563,0.0790188,66.2658,1
922,-0.2134,3.1935,0.0868125,66.3693,1
923,-0.1684,2.4118,-0.148425,66.4736,0.4063
924,-0.1317,2.6066,-0.122106,66.5778,0.511575
925,-0.0919,-3.2743,-0.141969,66.6718,0.432125
926,-0.0504,-2.6163,-0.15655,66.6661,0.3738
927,-0.0079,-3.1129,-0.168519,66.6488,0.325925
928,0.0352,-3.4774,-0.179,66.6132,0.3
929,0.0782,-3.7766,-0.186663,66.5621,0.3
930,0.1209,-4.0387,-0.193469,66.4981,0.3
931,0.1626,-4.2302,-0.197288,66.4261,0.3
932,0.2031,-4.4004,-0.200081,66.3519,0.3
933,0.2418,-4.4959,-0.200137,66.2775,0.3
934,0.2784,-4.5657,-0.1986,66.2035,0.3
935,0.3126,-4.5671,-0.195413,66.1301,0.3
936,0.344,-4.5287,-0.1901,66.0577,0.3
937,0.3723,-4.449,-0.183006,65.9863,0.3
938,0.3974,-4.3162,-0.174912,65.916,0.30035
939,0.4189,-4.1388,-0.164544,65.8469,0.341825
940,0.4369,-3.9365,-0.153919,65.7788,0.384325
941,0.451,-3.6773,-0.140962,65.712,0.43615
942,0.4614,-3.4116,-0.128112,65.6533,0.48755
943,0.4678,-3.0877,-0.113313,65.605,0.54675
944,0.4704,-2.7665,-0.0986,65.5692,0.6056
945,0.4691,-2.3965,-0.0827563,65.5463,0.668975
946,0.4639,-2.0287,-0.0661812,65.5376,0.735275
947,0.4551,-1.6326,-0.0501313,65.5434,0.799475
948,0.4427,-1.2182,-0.0334062,65.5643,0.866375
949,0.4269,-0.8169,-0.0168438,65.6009,0.932625
950,0.4078,-0.3988,-6.25e-05,65.6528,0.99975
951,0.3857,0.0152,0.0160813,65.7203,1
952,0.3608,0.4348,0.03195,65.8032,1
953,0.3334,0.8384,0.0470875,65.9013,1
954,0.3038,1.2351,0.0614375,66.0036,1
955,0.2723,1.6135,0.0749438,66.1068,1
956,0.2394,1.9723,0.0867125,66.2097,1
957,0.2053,2.3099,0.0979062,66.312,1
958,0.1705,2.6041,0.107231,66.4137,1
959,0.1353,2.884,0.115431,66.5148,1
960,0.1001,3.1171,0.122031,66.6152,1
961,0.0652,3.3221,0.127375,66.715,1
962,0.0311,3.4871,0.130569,66.8144,1
963,-0.0019,3.6207,0.132356,66.9135,1
964,-0.0334,3.7006,0.132263,67.0125,1
965,-0.0631,3.7452,0.130631,67.1113,1
966,-0.0908,3.7429,0.127825,67.2101,1
967,-0.1161,3.7021,0.122969,67.3091,1
968,-0.1388,3.632,0.116825,67.4083,1
969,-0.1587,3.5106,0.109356,67.5078,1
970,-0.1756,3.357,0.100525,67.6076,1
971,-0.1894,3.1702,0.0907125,67.7077,1
972,-0.1998,2.9495,0.0790625,67.8082,1
973,-0.2086,2.7041,0.0743125,67.9089,1
974,-0.4051,2.4129,0.861956,68.0098,1
975,0.6897,2.2941,-1,68.1107,0
976,0.505,21.9852,0.644112,68.1001,1
977,0.3496,-24.5637,0.55605,68.2211,1
978,0.2356,16.5392,0.411825,68.0106,1
979,0.1972,14.3376,0.116625,67.9575,1
980,0.2497,10.732,-0.256819,67.922,0
981,0.3449,3.352,-0.445469,67.9887,0
982,0.4514,-5.9841,-0.510638,68.1327,0
983,0.5602,-10.7004,-0.540238,67.9643,0
984,0.6686,-12.3296,-0.558962,67.7489,0
985,0.7755,-13.0696,-0.573006,67.5276,0
986,0.88,-13.5377,-0.583,67.3078,0
987,0.9809,-13.8888,-0.587519,67.0904,0
988,1.0775,-14.1387,-0.588431,66.8752,0
989,1.1687,-14.2516,-0.583931,66.6617,0
990,1.2536,-14.2745,-0.57465,66.4497,0
991,1.3313,-14.162,-0.560419,66.2393,0
992,1.4009,-13.9299,-0.541069,66.0314,0
993,1.4615,-13.5741,-0.516431,65.8275,0
994,1.5125,-13.0904,-0.487594,65.6292,0
995,1.5531,-12.4745,-0.453606,65.4383,0
996,1.5828,-11.7535,-0.415575,65.2562,0
997,1.6012,-10.9038,-0.373825,65.0838,0
998,1.6083,-9.953,-0.329956,64.9214,0
999,1.6039,-8.9093,-0.283131,64.7681,0
1000,1.5882,-7.8126,-0.234987,64.6227,0.3
1001,1.5614,-6.6419,-0.185562,64.4835,0.3
1002,1.5238,-5.4384,-0.135313,64.3487,0.45875
1003,1.4758,-4.2027,-0.0847125,64.2676,0.66115
1004,1.418,-2.9465,-0.034675,64.2031,0.8613
1005,1.3509,-1.6815,0.0151062,64.1714,1
1006,1.2751,-0.4305,0.0641188,64.1833,1
1007,1.1915,0.814,0.110994,64.2396,1
1008,1.1009,2.0393,0.155981,64.3286,1
1009,1.0042,3.2112,0.198513,64.4234,1
1010,0.9024,4.3359,0.238,64.5168,1
1011,0.7966,5.3991,0.273838,64.6064,1
1012,0.6878,6.3863,0.306238,64.6916,1
1013,0.577,7.2823,0.335013,64.7723,1
1014,0.4655,8.0923,0.358719,64.8488,1
1015,0.3542,8.8116,0.378788,64.9216,1
1016,0.2442,9.4043,0.394213,64.9915,1
1017,0.1366,9.906,0.404788,65.0593,1
1018,0.0324,10.2917,0.410725,65.1258,1
1019,-0.0673,10.556,0.411419,65.192,1
1020,-0.1618,10.7045,0.408338,65.2587,1
1021,-0.2501,10.7218,0.400094,65.3272,1
1022,-0.3314,10.6448,0.387337,65.398,1
1023,-0.405,10.4387,0.370338,65.4721,1
1024,-0.4702,10.1198,0.348962,65.5499,1
1025,-0.5267,9.6948,0.324756,65.6321,1
1026,-0.5738,9.1604,0.295988,65.7188,1
1027,-0.6114,8.5552,0.265038,65.8098,1
1028,-0.6393,7.836,0.231469,65.9051,1
1029,-0.6572,7.0623,0.194825,66.004,1
1030,-0.6653,6.2231,0.157144,66.1059,1
1031,-0.6635,5.307,0.117206,66.2101,1
1032,-0.6521,4.3649,0.0766688,66.3158,1
1033,-0.6313,3.3665,0.0351687,66.4223,1
1034,-0.6015,2.3531,-0.00641875,66.5289,0.974325
1035,-0.5631,1.3156,-0.0480187,66.6349,0.807925
1036,-0.5167,0.2759,-0.0887187,66.7394,0.645125
1037,-0.4631,-0.7641,-0.127569,66.8373,0.489725
1038,-0.403,-1.7816,-0.164837,66.9032,0.34065
1039,-0.3373,-2.7529,-0.199556,66.9292,0.3
1040,-0.2668,-3.6846,-0.231975,66.9142,0.3
1041,-0.1924,-4.5526,-0.261525,66.8591,0
1042,-0.1153,-5.363,-0.286781,66.7834,0
1043,-0.0362,-6.1018,-0.309613,66.6998,0
1044,0.0438,-6.7332,-0.328213,66.5611,0
1045,0.1237,-7.304,-0.342794,66.4054,0
1046,0.2028,-7.769,-0.354425,66.2435,0
1047,0.2801,-8.1335,-0.361719,66.0793,0
1048,0.3548,-8.4243,-0.365325,65.9144,0
1049,0.4262,-8.6066,-0.365513,65.75,0
1050,0.4935,-8.6968,-0.361731,65.5868,0
1051,0.556,-8.7015,-0.35425,65.4255,0
1052,0.6133,-8.607,-0.344194,65.2664,0
1053,0.6648,-8.4199,-0.33065,65.1103,0
1054,0.71,-8.1685,-0.313925,64.9571,0
1055,0.7487,-7.8299,-0.295181,64.8071,0
1056,0.7805,-7.4118,-0.273544,64.6603,0
1057,0.8053,-6.9432,-0.250194,64.5167,0
1058,0.8229,-6.4023,-0.224694,64.376,0.3
1059,0.8334,-5.8185,-0.198263,64.2379,0.3
1060,0.8368,-5.181,-0.1705,64.1021,0.318
1061,0.833,-4.5202,-0.140987,64.0187,0.43605
1062,0.8224,-3.8262,-0.1118,63.9522,0.5528
1063,0.8049,-3.0884,-0.0809187,63.8943,0.676325
1064,0.781,-2.3587,-0.0508375,63.8602,0.79665
1065,0.7509,-1.5866,-0.0203937,63.8532,0.918425
1066,0.7149,-0.8346,0.00995625,63.8749,1
1067,0.6735,-0.0735,0.0393187,63.9247,1
1068,0.6272,0.6852,0.0676,64.0021,1
1069,0.5764,1.4193,0.095125,64.0997,1
1070,0.5218,2.1263,0.120562,64.2016,1
1071,0.464,2.8145,0.1442,64.3035,1
1072,0.4035,3.4504,0.166344,64.404,1
1073,0.3412,4.0413,0.185225,64.5028,1
1074,0.2775,4.5949,0.202769,64.5997,1
1075,0.2133,5.067,0.216806,64.6949,1
1076,0.0857,5.5056,0.494331,64.8831,1
1077,0.0235,5.8565,0.244394,64.9766,1
1078,-0.0351,12.7946,0.240981,65.0227,1
1079,-0.0351,12.7946,0.00658125,65.0227,1
1080,-0.0908,6.4609,0.239825,65.1104,1
1081,-0.198,0.6009,0.465925,65.3178,1
1082,-0.2475,6.432,0.244406,65.4118,1
1083,-0.2912,12.0845,0.2294,65.4645,1
1084,-0.33,6.5465,0.217075,65.5512,1
1085,-0.3637,6.1713,0.202994,65.6456,1
1086,-0.3918,5.8632,0.185862,65.7429,1
1087,-0.4142,5.5112,0.167263,65.842,1
1088,-0.4308,5.0829,0.147175,65.9428,1
1089,-0.4414,4.6179,0.125163,66.0449,1
1090,-0.446,4.1157,0.102025,66.1481,1
1091,-0.4446,3.5654,0.0777625,66.2523,1
1092,-0.4373,2.987,0.0527938,66.357,1
1093,-0.4242,2.3804,0.0271375,66.4621,1
1094,-0.4055,1.7562,0.00123125,66.5672,1
1095,-0.3814,1.1148,-0.0248875,66.6721,0.90045
1096,-0.3522,0.4671,-0.0507625,66.7764,0.79695
1097,-0.3184,-0.1859,-0.0755,66.8799,0.698
1098,-0.2803,-0.8327,-0.0998438,66.9657,0.600625
1099,-0.2385,-1.4512,-0.122481,67.0279,0.510075
1100,-0.1934,-2.0598,-0.144138,67.065,0.42345
1101,-0.1457,-2.6257,-0.163481,67.077,0.346075
1102,-0.0958,-3.1671,-0.181638,67.0649,0.3
1103,-0.0444,-3.6507,-0.197275,67.0301,0.3
1104,0.0078,-4.1046,-0.210263,66.9745,0.3
1105,0.0604,-4.4955,-0.221725,66.9045,0.3
1106,0.1126,-4.8202,-0.229913,66.8298,0.3
1107,0.164,-5.1068,-0.23635,66.7534,0.3
1108,0.214,-5.3115,-0.240125,66.6765,0.3
1109,0.2621,-5.4724,-0.241544,66.5995,0.3
1110,0.3078,-5.5668,-0.240513,66.5229,0.3
1111,0.3506,-5.6023,-0.236938,66.447,0.3
1112,0.3901,-5.5765,-0.231144,66.3719,0.3
1113,0.4261,-5.4871,-0.223894,66.2979,0.3
1114,0.4581,-5.3423,-0.213894,66.2252,0.3
1115,0.4859,-5.161,-0.202306,66.1537,0.3
1116,0.5093,-4.911,-0.189094,66.0836,0.3
1117,0.5281,-4.6213,-0.174219,66.0148,0.303125
1118,0.5422,-4.291,-0.158062,65.9473,0.36775
1119,0.5516,-3.9191,-0.141025,65.881,0.4359
1120,0.5562,-3.5152,-0.122688,65.8162,0.50925
1121,0.5526,-3.0893,-0.0892125,65.7263,0.64315
1122,0.5504,-2.6309,-0.0944,65.6937,0.6224
1123,0.558,-1.794,-0.135025,65.6759,0.4599
1124,0.647,-1.9237,-0.477312,65.6984,0
1125,0.7462,-2.9393,-0.536712,65.7112,0
1126,0.8843,-11.4965,-0.718206,65.6466,0
1127,0.4896,-12.9815,1,65.4765,1
1128,0.3553,-17.5188,0.470581,65.2692,1
1129,0.311,25,0.118888,65.1058,1
1130,0.2659,12.2009,0.130544,64.9974,1
1131,0.2173,3.4085,0.153656,65.0336,1
1132,0.1659,3.6999,0.174494,65.1149,1
1133,0.1124,4.2777,0.192925,65.2053,1
1134,0.0574,4.7987,0.209237,65.2969,1
1135,0.0017,5.2595,0.222481,65.3878,1
1136,-0.0541,5.6673,0.233344,65.4778,1
1137,-0.1092,5.9984,0.240875,65.5671,1
1138,-0.2149,6.2699,0.463094,65.7458,1
1139,-0.2642,6.4582,0.246737,65.8357,1
1140,-0.3087,12.0137,0.235881,65.887,1
1141,-0.3493,6.6048,0.227894,65.9723,1
1142,-0.3853,6.3334,0.216244,66.0646,1
1143,-0.4426,6.1337,0.312188,66.255,1
1144,-0.4631,5.8424,0.168831,66.3518,1
1145,-0.4767,8.241,0.143781,66.4359,1
1146,-0.4844,4.6571,0.121625,66.5349,1
1147,-0.486,4.0309,0.097525,66.6372,1
1148,-0.4815,3.477,0.0722812,66.7406,1
1149,-0.4712,2.8745,0.04715,66.8446,1
1150,-0.455,2.2434,0.0205125,66.9488,1
1151,-0.4332,1.6151,-0.005975,67.053,0.9761
1152,-0.4061,0.9491,-0.0322562,67.1568,0.870975
1153,-0.374,0.287,-0.058275,67.2599,0.7669
1154,-0.3373,-0.3701,-0.0835563,67.3581,0.665775
1155,-0.2965,-1.0205,-0.107606,67.4363,0.569575
1156,-0.251,-1.6526,-0.134937,67.3954,0.46025
1157,-0.2051,-2.2538,-0.145144,67.346,0.419425
1158,-0.1588,-2.9371,-0.155425,67.2863,0.3783
1159,-0.1122,-3.1923,-0.165363,67.3068,0.33855
1160,-0.0662,-3.4493,-0.171588,67.5177,0.31365
1161,-0.004,-3.6977,-0.24805,67.3981,0.3
1162,0.0578,-3.8534,-0.258037,67.2894,0
1163,0.1179,-5.7649,-0.262506,67.1634,0
1164,0.1757,-6.0146,-0.264144,67.0363,0
1165,0.2315,-6.1263,-0.266606,67.0419,0
1166,0.2845,-6.1673,-0.265344,66.8771,0
1167,0.3343,-6.2288,-0.261881,66.7232,0
1168,0.3805,-6.1973,-0.256144,66.5735,0
1169,0.4226,-6.1107,-0.247637,66.4266,0.3
1170,0.4624,-5.9673,-0.2459,66.2815,0.3
1171,0.5096,-5.7546,-0.28435,66.1375,0
1172,0.5662,-5.7112,-0.332562,66.0397,0
1173,0.6148,-6.6724,-0.309675,65.9537,0
1174,0.6837,-7.8777,-0.403794,65.8216,0
1175,0.7461,-7.3055,-0.389494,65.6789,0
1176,0.8006,-9.6585,-0.368112,65.5162,0
1177,0.8467,-9.301,-0.343156,65.3526,0
1178,0.884,-8.7665,-0.31495,65.1927,0
1179,0.9124,-8.1426,-0.284675,65.0379,0
1180,0.9317,-7.4374,-0.251894,64.8885,0
1181,0.9418,-6.6805,-0.216987,64.7441,0.3
1182,0.943,-5.861,-0.181612,64.6041,0.3
1183,0.9353,-4.9884,-0.144569,64.4677,0.421725
1184,0.9191,-4.104,-0.107531,64.3848,0.569875
1185,0.8947,-3.1779,-0.0701563,64.3186,0.719375
1186,0.8624,-2.2519,-0.0325,64.2795,0.87
1187,0.8226,-1.3176,0.0049625,64.2741,1
1188,0.7759,-0.3762,0.0413187,64.3037,1
1189,0.7229,0.5604,0.0764563,64.3681,1
1190,0.6643,1.4693,0.109844,64.4615,1
1191,0.6007,2.3477,0.141769,64.5618,1
1192,0.5329,3.1824,0.171281,64.6615,1
1193,0.4617,3.9806,0.198231,64.7602,1
1194,0.3879,4.7184,0.222469,64.8574,1
1195,0.3124,5.3921,0.243425,64.9503,1
1196,0.2359,5.9981,0.261769,65.04,1
1197,0.1594,6.522,0.276113,65.1274,1
1198,0.0836,6.9806,0.287525,65.213,1
1199,0.0094,7.3391,0.295037,65.2977,1
1200,-0.0521,7.6245,0.255769,65.3819,1
1201,-0.0894,7.8123,0.165962,65.4662,1
1202,-0.1022,6.8305,0.0703625,65.557,1
1203,-0.1039,4.5854,0.0262813,65.6576,1
1204,-0.103,2.1954,0.0157125,65.7623,1
1205,-0.0997,1.0934,0.00549375,65.8673,1
1206,-0.094,0.8291,-0.005175,65.9719,0.9793
1207,-0.0861,0.5737,-0.0154563,66.0763,0.938175
1208,-0.076,0.307,-0.02615,66.1804,0.8954
1209,-0.0639,0.0499,-0.0364187,66.2808,0.854325
1210,-0.05,-0.2174,-0.046225,66.3729,0.8151
1211,-0.0345,-0.4741,-0.0555312,66.4551,0.777875
1212,-0.0174,-0.7193,-0.0651375,66.5271,0.73945
1213,0.0009,-0.9519,-0.0733687,66.589,0.706525
1214,0.0202,-1.1921,-0.0809875,66.6416,0.67605
1215,0.0404,-1.3979,-0.088375,66.6845,0.6465
1216,0.0612,-1.5884,-0.094675,66.7188,0.6213
1217,0.0823,-1.773,-0.0998313,66.7451,0.600675
1218,0.1035,-1.9305,-0.104206,66.7639,0.583175
1219,0.1245,-2.0594,-0.107344,66.7763,0.570625
1220,0.1452,-2.1688,-0.110025,66.7832,0.5599
1221,0.1654,-2.2473,-0.111812,66.7855,0.55275
1222,0.1847,-2.3143,-0.111831,66.7844,0.552675
1223,0.2031,-2.359,-0.111681,66.7805,0.553275
1224,0.2203,-2.3594,-0.110106,66.7748,0.559575
1225,0.2361,-2.3557,-0.107469,66.7685,0.570125
1226,0.2505,-2.3163,-0.104569,66.7626,0.581725
1227,0.2632,-2.2504,-0.10015,66.7579,0.5994
1228,0.2745,-2.1779,-0.0966688,66.7556,0.613325
1229,0.3029,-2.0674,-0.170394,66.756,0.318425
1230,0.3461,-1.9804,-0.237694,66.7606,0.3
1231,0.4275,-3.8235,-0.405756,66.7643,0
1232,0.5052,-5.506,-0.405525,66.7101,0
1233,0.5774,-9.7076,-0.397063,66.6107,0
1234,0.6435,-9.7018,-0.385056,66.4516,0
1235,0.7027,-9.4902,-0.368556,66.2804,0
1236,0.7547,-9.1901,-0.349506,66.1087,0
1237,0.7988,-8.7776,-0.326175,65.9409,0
1238,0.8348,-8.3013,-0.300525,65.7773,0
1239,0.8623,-7.718,-0.271681,65.6196,0
1240,0.8814,-7.0768,-0.241663,65.4677,0.3
1241,0.8919,-6.3557,-0.209231,65.3211,0.3
1242,0.8944,-5.6052,-0.1777,65.1788,0.3
1243,0.9365,-4.7945,-0.343994,65.0903,0
1244,1.0295,-4.0062,-0.565031,65.0202,0
1245,1.1321,-8.1635,-0.622669,64.9348,0
1246,1.2232,-13.6895,-0.59375,64.7545,0
1247,1.3021,-15.1304,-0.559744,64.546,0
1248,1.3679,-14.4074,-0.519681,64.3335,0
1249,1.4202,-13.5573,-0.475488,64.1285,0
1250,1.4587,-12.5557,-0.427506,63.9354,0
1251,1.4832,-11.4509,-0.3761,63.756,0
1252,1.4936,-10.2513,-0.32165,63.5903,0
1253,1.4903,-8.9662,-0.266231,63.4367,0
1254,1.4737,-7.6049,-0.209919,63.2931,0.3
1255,1.444,-6.2194,-0.15195,63.1564,0.3922
1256,1.4021,-4.8116,-0.0952937,63.0249,0.618825
1257,1.3484,-3.3624,-0.038025,62.9475,0.8479
1258,1.2836,-1.946,0.018525,62.9027,1
1259,1.2087,-0.5143,0.0729687,62.9065,1
1260,1.1244,0.8995,0.126375,62.9649,1
1261,1.0317,2.2606,0.177356,63.0575,1
1262,0.955,3.5957,0.127738,63.1545,1
1263,0.9394,4.8702,-0.113738,63.2512,0.54505
1264,0.9704,3.6298,-0.30595,63.3531,0
1265,0.9942,-2.4071,-0.281612,63.4528,0
1266,1.0091,-7.2124,-0.248806,63.4448,0.3
1267,1.0152,-6.604,-0.21475,63.3204,0.3
1268,1.0125,-5.7838,-0.179044,63.1764,0.3
1269,1.0012,-4.9324,-0.142525,63.0839,0.4299
1270,0.9817,-4.0398,-0.106069,63.0091,0.575725
1271,0.9544,-3.1268,-0.06975,62.9419,0.721
1272,0.9196,-2.2154,-0.033225,62.9025,0.8671
1273,0.8779,-1.3074,0.00219375,62.8984,1
1274,0.8298,-0.3943,0.0368125,62.9288,1
1275,0.8464,0.4912,-0.2251,62.9936,0.3
1276,0.9301,1.3566,-0.509194,63.0924,0
1277,1.0695,-5.1912,-0.758131,63.1816,0
1278,1.2009,-12.2935,-0.750769,63.0999,0
1279,1.4347,-18.517,-1,62.6812,0
1280,1.536,-18.3329,-0.6932,62.4413,0
1281,1.6267,-24.5637,-0.667806,62.2203,0
1282,1.7058,-16.8937,-0.636237,61.9516,0
1283,1.7728,-16.2588,-0.6004,61.7187,0
1284,1.8684,-15.4696,-0.732725,61.2771,0
1285,1.896,-14.5737,-0.4659,61.0612,0
1286,1.9093,-17.8818,-0.411194,60.8415,0
1287,1.9088,-11.2112,-0.3559,60.6506,0
1288,1.8665,-9.8435,-0.180769,60.3304,0.3
1289,1.8251,-8.4612,-0.176606,60.1843,0.3
1290,1.7857,-4.0829,-0.177219,60.0588,0.3
1291,1.779,-3.9788,-0.306762,59.9878,0
1292,1.86,-3.9941,-0.67275,59.8771,0
1293,1.8959,-7.2327,-0.499081,59.8073,0
1294,1.9255,-16.3824,-0.479431,59.4094,0
1295,1.9287,-12.0407,-0.374431,59.2047,0
1296,1.8902,-11.5495,-0.200413,58.8248,0.3
1297,1.849,-8.9245,-0.181887,58.6618,0.3
1298,1.7951,-4.574,-0.120981,58.5304,0.516075
1299,1.7289,-4.1109,-0.0593688,58.4586,0.762525
1300,1.6513,-2.5882,0.00078125,58.4036,1
1301,1.5631,-1.0479,0.0597188,58.3948,1
1302,1.4652,0.4559,0.116875,58.4423,1
1303,1.3585,1.9293,0.172081,58.5453,1
1304,1.2725,3.3582,0.105406,58.6549,1
1305,1.2147,4.7384,0.00344375,58.7617,1
1306,1.1938,3.0715,-0.140238,58.8746,0.43905
1307,1.1715,0.5224,-0.130456,58.9907,0.478175
1308,1.1418,-3.0696,-0.0952875,59.0959,0.61885
1309,1.105,-2.8251,-0.0599875,59.0954,0.76005
1310,1.0615,-1.9459,-0.0250313,59.0848,0.899875
1311,1.0119,-1.0634,0.00866875,59.1011,1
1312,0.9567,-0.1894,0.0414188,59.1517,1
1313,0.8964,0.6531,0.073125,59.2347,1
1314,0.8315,1.4718,0.103694,59.3424,1
1315,0.7627,2.2645,0.132194,59.4562,1
1316,0.6906,3.0287,0.158913,59.5706,1
1317,0.616,3.7412,0.1829,59.6841,1
1318,0.5395,4.4091,0.204844,59.7955,1
1319,0.4619,5.0088,0.223794,59.9047,1
1320,0.3838,5.5574,0.240438,60.012,1
1321,0.3061,6.0312,0.253406,60.1183,1
1322,0.2293,6.4473,0.264206,60.2225,1
1323,0.1541,6.7715,0.271906,60.326,1
1324,0.0866,7.0415,0.253762,60.429,1
1325,0.0711,7.234,0.0486687,60.5318,1
1326,0.1118,6.7804,-0.183762,60.6371,0.3
1327,0.1647,1.6531,-0.242481,60.7504,0.3
1328,0.2178,-4.1577,-0.253237,60.8421,0
1329,0.27,-5.6257,-0.259425,60.7931,0
1330,0.321,-5.8946,-0.264187,60.7133,0
1331,0.37,-6.0493,-0.265375,60.5731,0
1332,0.4167,-6.1684,-0.264931,60.421,0
1333,0.4605,-6.198,-0.261544,60.2678,0
1334,0.5012,-6.187,-0.256775,60.1165,0
1335,0.5382,-6.1023,-0.248913,59.968,0.3
1336,0.5714,-5.983,-0.239938,59.8227,0.3
1337,0.6004,-5.7865,-0.228575,59.6807,0.3
1338,0.6251,-5.5621,-0.216006,59.5958,0.3
1339,0.6454,-5.278,-0.202212,59.5278,0.3
1340,0.661,-4.9638,-0.186338,59.4658,0.3
1341,0.6719,-4.619,-0.169581,59.4072,0.321675
1342,0.6781,-4.2221,-0.151944,59.351,0.392225
1343,0.6796,-3.8032,-0.133425,59.2968,0.4663
1344,0.6765,-3.3623,-0.114444,59.2483,0.542225
1345,0.6736,-2.8993,-0.1147,59.2152,0.5412
1346,0.6756,-2.4248,-0.134675,59.2003,0.4613
1347,0.6798,-2.4312,-0.144262,59.2035,0.42295
1348,0.6796,-2.9305,-0.126625,59.2092,0.4935
1349,0.6748,-3.1702,-0.107325,59.1998,0.5707
1350,0.6654,-2.7293,-0.0871625,59.181,0.65135
1351,0.6516,-2.2468,-0.066975,59.1745,0.7321
1352,0.6336,-1.7427,-0.0468,59.1857,0.8128
1353,0.6115,-1.238,-0.0262562,59.2159,0.894975
1354,0.5856,-0.7337,-0.0062,59.2656,0.9752
1355,0.5562,-0.2201,0.0133125,59.3343,1
1356,0.5234,0.2813,0.0330625,59.4222,1
1357,0.4878,0.7691,0.0509375,59.5287,1
1358,0.4495,1.2629,0.0689188,59.6435,1
1359,0.409,1.7098,0.0853125,59.7597,1
1360,0.3667,2.1593,0.100444,59.8756,1
1361,0.3229,2.5691,0.114656,59.9908,1
1362,0.2781,2.9474,0.127056,60.1051,1
1363,0.2328,3.3027,0.13755,60.2186,1
1364,0.1872,3.6127,0.1473,60.3312,1
1365,0.142,3.8751,0.154175,60.4429,1
1366,0.1339,4.1188,0.00729375,60.554,1
1367,0.2237,4.2907,-0.401144,60.6647,0
1368,0.1412,0.6187,0.303525,60.7795,1
1369,0.1385,-9.5923,-0.0151688,60.8422,0.939325
1370,0.163,8.0245,-0.128562,60.7403,0.48575
1371,0.1889,0.0571,-0.139019,60.8082,0.443925
1372,0.214,-2.7777,-0.140525,60.894,0.4379
1373,0.2378,-3.0391,-0.139788,60.9006,0.44085
1374,0.2602,-3.0768,-0.138387,60.882,0.44645
1375,0.281,-3.0584,-0.135888,60.8571,0.45645
1376,0.3,-3.0234,-0.13225,60.8319,0.471
1377,0.3171,-2.9609,-0.127856,60.8082,0.488575
1378,0.3321,-2.8699,-0.122269,60.7874,0.510925
1379,0.3449,-2.7601,-0.115869,60.7706,0.536525
1380,0.3555,-2.6204,-0.109056,60.7586,0.563775
1381,0.3637,-2.4604,-0.100994,60.7523,0.596025
1382,0.3696,-2.2901,-0.0929,60.7526,0.6284
1383,0.3731,-2.0885,-0.0839563,60.7599,0.664175
1384,0.3742,-1.8862,-0.0745625,60.7751,0.70175
1385,0.3729,-1.6626,-0.0647188,60.7985,0.741125
1386,0.3693,-1.4277,-0.0548438,60.8305,0.780625
1387,0.3634,-1.1816,-0.0445375,60.8716,0.82185
1388,0.3553,-0.9348,-0.0342188,60.9223,0.863125
1389,0.3451,-0.6771,-0.0239063,60.9823,0.904375
1390,0.3329,-0.4191,-0.0136187,61.052,0.945525
1391,0.3189,-0.1613,-0.00379375,61.1316,0.984825
1392,0.3031,0.0959,0.00636875,61.2207,1
1393,0.2857,0.3415,0.0160312,61.3195,1
1394,0.2669,0.5956,0.0251562,61.4274,1
1395,0.2468,0.8371,0.034125,61.5401,1
1396,0.2257,1.0652,0.0420812,61.6539,1
1397,0.2038,1.2895,0.0493875,61.7676,1
1398,0.1812,1.4884,0.056425,61.8811,1
1399,0.1583,1.671,0.0619188,61.9942,1
1400,0.1351,1.847,0.0674687,62.1069,1
1401,0.1119,1.9843,0.0718187,62.2193,1
1402,0.089,2.1231,0.0749125,62.3313,1
1403,0.0665,2.2318,0.0775312,62.4429,1
1404,0.0447,2.3091,0.0788188,62.5542,1
1405,0.0237,2.3746,0.0795562,62.6653,1
1406,0.0038,2.4068,0.0788875,62.7762,1
1407,-0.0149,2.4252,0.0775938,62.887,1
1408,-0.0323,2.4085,0.0756563,62.9976,1
1409,-0.0481,2.3762,0.0722187,63.1081,1
1410,-0.0623,2.3277,0.0684813,63.2185,1
1411,-0.0746,2.2418,0.0631875,63.3288,1
1412,-0.0852,2.1484,0.058375,63.4391,1
1413,-0.0938,2.016,0.0519875,63.5494,1
1414,-0.1003,1.8957,0.0448063,63.6596,1
1415,-0.1048,1.736,0.03765,63.7697,1
1416,-0.1073,1.5565,0.0301188,63.8797,1
1417,-0.1077,1.3776,0.0217937,63.9897,1
1418,-0.106,1.1893,0.013075,64.0995,1
1419,-0.1023,0.9812,0.00438125,64.2092,1
1420,-0.0966,0.7632,-0.0046875,64.3187,0.98125
1421,-0.089,0.5459,-0.0137125,64.428,0.94515
1422,-0.0796,0.3191,-0.022675,64.5371,0.9093
1423,-0.0684,0.0935,-0.031975,64.6426,0.8721
1424,-0.0557,-0.1305,-0.0403563,64.7409,0.838575
1425,-0.0426,-0.363,-0.0444125,64.8307,0.82235
1426,-0.0504,-0.5726,0.04065,64.9114,1
1427,-0.0915,-0.674,0.181556,64.9836,1
1428,-0.0304,1.4526,-0.2387,65.0497,0.3
1429,0.0402,4.9752,-0.289937,65.1331,0
1430,0.0662,-5.5312,-0.116412,65.2171,0.53435
1431,0.0908,-6.8121,-0.115425,65.174,0.5383
1432,0.1151,-2.474,-0.118781,65.066,0.524875
1433,0.1389,-2.4493,-0.121244,65.0312,0.515025
1434,0.162,-2.5332,-0.122775,65.0171,0.5089
1435,0.1841,-2.5948,-0.122919,65.0061,0.508325
1436,0.205,-2.633,-0.122037,64.9943,0.51185
1437,0.2246,-2.6366,-0.120513,64.9814,0.51795
1438,0.2426,-2.6146,-0.117488,64.9683,0.53005
1439,0.259,-2.5765,-0.114163,64.9559,0.54335
1440,0.2735,-2.5009,-0.109281,64.9451,0.562875
1441,0.2861,-2.4177,-0.104044,64.9369,0.583825
1442,0.2967,-2.2957,-0.0980313,64.932,0.607875
1443,0.3052,-2.1648,-0.091225,64.9316,0.6351
1444,0.3115,-2.0144,-0.0836062,64.9363,0.665575
1445,0.3155,-1.8443,-0.0751563,64.9468,0.699375
1446,0.3174,-1.6538,-0.0671125,64.9637,0.73155
1447,0.317,-1.4426,-0.0578375,64.9878,0.76865
1448,0.3145,-1.2415,-0.0489687,65.0198,0.804125
1449,0.3098,-1.0096,-0.0392875,65.0596,0.84285
1450,0.303,-0.7879,-0.0296125,65.108,0.88155
1451,0.2942,-0.5459,-0.0199625,65.1649,0.92015
1452,0.2835,-0.304,-0.0103562,65.2307,0.958575
1453,0.271,-0.0627,-0.0008125,65.3055,0.99675
1454,0.2568,0.1774,0.00865,65.3892,1
1455,0.2412,0.416,0.017175,65.4819,1
1456,0.2242,0.6526,0.0259625,65.5834,1
1457,0.2061,0.8657,0.0337563,65.6877,1
1458,0.1869,1.0854,0.0417562,65.7928,1
1459,0.1671,1.2802,0.0478688,65.8978,1
1460,0.1466,1.4802,0.0545125,66.0025,1
1461,0.1259,1.6331,0.0591937,66.1069,1
1462,0.105,1.7991,0.0639125,66.2108,1
1463,0.0842,1.9162,0.0674125,66.3144,1
1464,0.0637,2.0341,0.0700562,66.418,1
1465,0.0437,2.1216,0.0718063,66.5212,1
1466,0.0245,2.1877,0.0722062,66.6241,1
1467,0.0062,2.2315,0.0720375,66.7266,1
1468,-0.011,2.2415,0.0708625,66.8291,1
1469,-0.027,2.2373,0.0690625,66.9317,1
1470,-0.0658,2.2079,0.167538,67.034,1
1471,-0.1993,2.1629,0.571369,67.1363,1
1472,-0.1412,4.6248,-0.205925,67.2314,0.3
1473,-0.2355,14.7206,0.421356,67.266,1
1474,-0.3294,-4.7118,0.437363,67.3382,1
1475,-0.418,10.9702,0.432775,67.2673,1
1476,-0.5003,11.3704,0.423006,67.2758,1
1477,-0.5755,11.2557,0.408706,67.3083,1
1478,-0.6427,11.0115,0.389306,67.3521,1
1479,-0.7013,10.654,0.365894,67.4039,1
1480,-0.7505,10.169,0.337519,67.4627,1
1481,-0.79,9.5837,0.306125,67.5302,1
1482,-0.8193,8.8743,0.270819,67.6051,1
1483,-0.8382,8.0895,0.232762,67.687,1
1484,-0.8467,7.2068,0.192756,67.7752,1
1485,-0.8447,6.2554,0.150381,67.8687,1
1486,-0.8425,5.2552,0.149169,67.9662,1
1487,-0.9068,4.1959,0.427225,68.0666,1
1488,-1.0071,4.1656,0.590031,68.1674,1
1489,-1.095,11.117,0.556912,68.2228,1
1490,-1.1692,15.1871,0.516025,68.2428,1
1491,-1.229,14.3592,0.469638,68.2632,1
1492,-1.2735,13.337,0.416781,68.2937,1
1493,-1.3023,12.1773,0.359381,68.333,1
1494,-1.315,10.8559,0.297362,68.3868,1
1495,-1.3159,9.4209,0.250331,68.4555,1
1496,-1.3058,7.8704,0.204438,68.5373,1
1497,-1.2804,6.6946,0.138475,68.6265,1
1498,-1.2398,5.5473,0.0700625,68.7219,1
1499,-1.1848,3.8982,0.00215,68.8216,1
1500,-1.1161,2.1879,-0.0655312,68.9232,0.737875
1501,-1.0347,0.4901,-0.131594,69.0245,0.473625
1502,-0.9417,-1.2019,-0.195431,69.1233,0.3
1503,-0.8385,-2.8535,-0.255581,69.1741,0
1504,-0.7264,-4.4494,-0.3122,69.16,0
1505,-0.6071,-5.9532,-0.363369,69.0914,0
1506,-0.5685,-7.3687,-0.0478062,68.9529,0.808775
1507,-0.6389,-8.6479,0.401394,68.788,1
1508,-0.717,-0.7588,0.446837,68.6355,1
1509,-0.786,10.4712,0.423375,68.558,1
1510,-0.8454,11.6073,0.396113,68.5375,1
1511,-0.8947,11.0207,0.364956,68.5373,1
1512,-0.9333,10.3391,0.329394,68.5504,1
1513,-0.9607,9.5602,0.289731,68.5771,1
1514,-0.9766,8.6712,0.246713,68.6135,1
1515,-0.981,7.6796,0.201537,68.6622,1
1516,-0.9737,6.6041,0.153369,68.7247,1
1517,-0.9557,5.4748,0.107194,68.7984,1
1518,-1.0031,4.2706,0.377681,68.8821,1
1519,-1.1426,3.1162,0.772237,68.9738,1
1520,-1.298,9.8784,0.864975,69.0162,1
1521,-1.4403,19.7423,0.839256,69.0264,1
1522,-1.5687,22.0607,0.807731,69.0132,1
1523,-1.6826,21.4177,0.771088,68.9817,1
1524,-1.7813,20.6296,0.728794,68.9457,1
1525,-1.8641,19.7135,0.680719,68.9087,1
1526,-1.9304,18.6562,0.62715,68.8722,1
1527,-1.9795,17.4543,0.567556,68.843,1
1528,-2.011,16.1151,0.503063,68.8248,1
1529,-2.0242,14.6252,0.432337,68.8262,1
1530,-2.0186,13.0129,0.356088,68.8457,1
1531,-2.0258,11.2448,0.408637,68.8801,1
1532,-2.0625,9.3385,0.533519,68.9345,1
1533,-2.1669,10.6523,0.823894,68.9802,1
1534,-2.2809,13.7743,0.883669,68.9993,1
1535,-2.3745,21.0337,0.819619,69.0012,1
1536,-2.4472,22.5281,0.74965,68.9831,1
1537,-2.4984,20.9268,0.67325,68.9457,1
1538,-2.5275,19.1776,0.590306,68.9136,1
1539,-2.534,17.2676,0.501125,68.8972,1
1540,-2.5175,15.194,0.406031,68.8938,1
1541,-2.478,12.9645,0.306625,68.9134,1
1542,-2.4159,10.5871,0.204581,68.9579,1
1543,-2.3321,8.102,0.102069,69.0267,1
1544,-2.2275,5.5509,-0.00074375,69.1134,0.997025
1545,-2.1035,2.9881,-0.101594,69.2117,0.593625
1546,-1.9616,0.4177,-0.1998,69.3116,0.3
1547,-1.8035,-2.1035,-0.294244,69.4067,0
1548,-1.6348,-4.5587,-0.368275,69.4276,0
1549,-1.5041,-6.9198,-0.240781,69.3681,0.3
1550,-1.368,-8.7705,-0.2879,69.2229,0
1551,-1.2463,-5.5832,-0.253119,69.0697,0
1552,-1.1162,-6.7612,-0.311112,68.957,0
1553,-0.9786,-5.8916,-0.366913,68.8118,0
1554,-0.8352,-7.3415,-0.417,68.6518,0
1555,-0.6876,-8.7365,-0.461475,68.4819,0
1556,-0.5374,-9.9887,-0.500038,68.304,0
1557,-0.3863,-11.1005,-0.531969,68.1195,0
1558,-0.2356,-12.0646,-0.558625,67.9286,0
1559,-0.0868,-12.8629,-0.578925,67.7336,0
1560,0.0586,-13.5293,-0.592588,67.5361,0
1561,0.1992,-14.0368,-0.59975,67.3372,0
1562,0.3337,-14.3784,-0.600569,67.1383,0
1563,0.4606,-14.5574,-0.593963,66.9405,0
1564,0.5488,-14.5779,-0.4557,66.745,0
1565,0.5904,-14.4127,-0.2771,66.5533,0
1566,0.6211,-10.9562,-0.239256,66.3895,0.3
1567,0.6435,-6.4912,-0.210256,66.2456,0.3
1568,0.6576,-5.5451,-0.1797,66.1058,0.3
1569,0.6636,-4.8201,-0.148425,66.0169,0.4063
1570,0.6616,-4.0562,-0.11605,65.9452,0.5358
1571,0.6518,-3.2743,-0.0830125,65.8788,0.66795
1572,0.6347,-2.4649,-0.0506062,65.8323,0.797575
1573,0.6105,-1.639,-0.0176688,65.8136,0.929325
1574,0.5797,-0.8288,0.0145063,65.8248,1
1575,0.5428,-0.0054,0.045825,65.8654,1
1576,0.5004,0.799,0.075775,65.9351,1
1577,0.4531,1.582,0.104244,66.0235,1
1578,0.4006,2.3307,0.134887,66.1158,1
1579,0.3318,3.0424,0.212988,66.2079,1
1580,0.2391,3.8085,0.325969,66.298,1
1581,0.1456,5.761,0.3467,66.3785,1
1582,0.052,8.5856,0.36465,66.4406,1
1583,-0.0409,9.1038,0.379269,66.4968,1
1584,-0.2202,9.5526,0.758488,66.6078,1
1585,-0.3047,9.9181,0.395131,66.6646,1
1586,-0.3842,19.3985,0.390037,66.6922,1
1587,-0.4581,10.3146,0.381494,66.7274,1
1588,-0.5256,10.1873,0.36855,66.7843,1
1589,-0.5859,9.9737,0.351056,66.8492,1
1590,-0.6384,9.6501,0.3297,66.9195,1
1591,-0.6827,9.2127,0.305206,66.9951,1
1592,-0.7183,8.6788,0.277081,67.0759,1
1593,-0.7448,8.0665,0.24565,67.1618,1
1594,-0.7621,7.3634,0.212094,67.2524,1
1595,-0.77,6.5776,0.175975,67.3472,1
1596,-0.7687,5.7387,0.138931,67.4456,1
1597,-0.7581,4.8357,0.0997437,67.5465,1
1598,-0.7385,3.9096,0.0600688,67.6491,1
1599,-0.71,2.9299,0.019125,67.7527,1
1600,-0.6731,1.9381,-0.0213937,67.8565,0.914425
1601,-0.6283,0.9145,-0.0613938,67.9598,0.754425
1602,-0.5762,-0.0985,-0.100362,68.0616,0.59855
1603,-0.5173,-1.0985,-0.138606,68.1474,0.445575
1604,-0.4526,-2.0727,-0.173937,68.1995,0.30425
1605,-0.3827,-3.0288,-0.207844,68.2127,0.3
1606,-0.3089,-3.9121,-0.237281,68.1856,0.3
1607,-0.2337,-4.7598,-0.256981,68.1201,0
1608,-0.1572,-5.4957,-0.276525,68.0405,0
1609,-0.0812,-5.9882,-0.288775,67.9559,0
1610,-0.0048,-6.4768,-0.3047,67.8187,0
1611,0.0714,-6.783,-0.318188,67.6658,0
1612,0.1464,-7.1812,-0.32745,67.507,0
1613,0.2196,-7.5184,-0.333975,67.3458,0
1614,0.2902,-7.7499,-0.336813,67.184,0
1615,0.3574,-7.913,-0.335812,67.0225,0
1616,0.4206,-7.984,-0.331662,66.8621,0
1617,0.4792,-7.959,-0.32425,66.7033,0
1618,0.5327,-7.8552,-0.313881,66.5463,0
1619,0.5805,-7.6699,-0.300044,66.3914,0
1620,0.6223,-7.4107,-0.283881,66.2392,0
1621,0.6578,-7.0648,-0.265338,66.0899,0
1622,0.6867,-6.6607,-0.244356,65.9436,0.3
1623,0.7089,-6.1971,-0.221719,65.7999,0.3
1624,0.7242,-5.6726,-0.196987,65.6588,0.3
1625,0.7328,-5.1066,-0.1718,65.5695,0.3128
1626,0.7345,-4.4884,-0.144519,65.4979,0.421925
1627,0.7295,-3.8587,-0.116781,65.4326,0.532875
1628,0.718,-3.1766,-0.088625,65.3718,0.6455
1629,0.7001,-2.4832,-0.0596687,65.3316,0.761325
1630,0.676,-1.7793,-0.03035,65.3167,0.8786
1631,0.6462,-1.0554,-0.0019625,65.3284,0.99215
1632,0.611,-0.3224,0.0262375,65.3673,1
1633,0.5709,0.3873,0.0533563,65.434,1
1634,0.5284,1.0923,0.070925,65.5256,1
1635,0.5101,1.7702,-0.0224438,65.6245,0.910225
1636,0.4662,2.2095,0.0881875,65.7254,1
1637,0.439,-0.1248,0.0264875,65.8304,1
1638,0.4145,2.641,0.0202813,65.9184,1
1639,0.3873,1.0985,0.0361813,66.0183,1
1640,0.3572,0.9434,0.053425,66.1214,1
1641,0.3248,1.3409,0.0687,66.2248,1
1642,0.2902,1.772,0.0839875,66.3278,1
1643,0.254,2.1538,0.097175,66.4303,1
1644,0.2164,2.536,0.109825,66.5319,1
1645,0.178,2.8657,0.120225,66.633,1
1646,0.1392,3.182,0.1291,66.7333,1
1647,0.1004,3.442,0.136375,66.833,1
1648,0.062,3.6638,0.141975,66.9322,1
1649,0.0244,3.8457,0.145825,67.031,1
1650,-0.012,3.9857,0.14785,67.1294,1
1651,-0.0467,4.082,0.147556,67.2276,1
1652,-0.0794,4.1326,0.145687,67.3257,1
1653,-0.1099,4.1252,0.142606,67.4238,1
1654,-0.1377,4.0785,0.137019,67.5221,1
1655,-0.1626,4.0015,0.130088,67.6205,1
1656,-0.1844,3.8618,0.121775,67.7193,1
1657,-0.2029,3.6885,0.112044,67.8184,1
1658,-0.2292,3.4807,0.148175,68.0172,1
1659,-0.2366,3.2374,0.0739625,68.1169,1
1660,-0.2397,4.1407,0.0573437,68.2143,1
1661,-0.2389,2.2854,0.0415938,68.3146,1
1662,-0.2341,1.8699,0.0246938,68.4154,1
1663,-0.2256,1.4762,0.0083,68.5162,1
1664,-0.1974,1.0537,-0.0757875,68.7175,0.69685
1665,-0.178,0.6438,-0.044225,68.8178,0.8231
1666,-0.1558,-1.4584,-0.0595875,68.9155,0.76165
1667,-0.1309,-0.6693,-0.0750563,68.9645,0.699775
1668,-0.1036,-1.0534,-0.089775,69.0185,0.6409
1669,-0.0742,-1.4401,-0.103687,69.0631,0.58525
1670,-0.0431,-1.808,-0.116319,69.0938,0.534725
1671,-0.0105,-2.1559,-0.128431,69.1097,0.486275
1672,0.023,-2.4716,-0.138313,69.1117,0.44675
1673,0.0571,-2.7744,-0.147106,69.1004,0.411575
1674,0.0913,-3.0215,-0.153919,69.0765,0.384325
1675,0.1254,-3.2413,-0.159913,69.042,0.36035
1676,0.1611,-3.4116,-0.173006,68.9981,0.307975
1677,0.2261,-3.5615,-0.302394,68.9469,0
1678,0.2932,-3.8888,-0.323375,68.8887,0
1679,0.3829,-7.1235,-0.430594,68.8046,0
1680,0.5046,-7.648,-0.581413,68.6615,0
1681,0.731,-10.3285,-1,68.2943,0
1682,0.8333,-14.099,-0.565444,68.082,0
1683,0.9272,-24.5637,-0.54945,67.8696,0
1684,1.0117,-13.6998,-0.527694,67.6118,0
1685,1.0859,-13.2999,-0.500406,67.3959,0
1686,1.1491,-12.756,-0.468256,67.194,0
1687,1.2008,-12.0738,-0.43195,67.0032,0
1688,1.2406,-11.2701,-0.391812,66.8229,0
1689,1.2682,-10.3624,-0.348188,66.6528,0
1690,1.2866,-9.359,-0.314837,66.3333,0
1691,1.277,-8.2684,-0.201037,66.1818,0.3
1692,1.2551,-7.4346,-0.147731,66.0348,0.409075
1693,1.2217,-4.5896,-0.0954687,65.8982,0.618125
1694,1.1772,-3.2569,-0.042725,65.8134,0.8291
1695,1.1239,-1.9504,0.00246875,65.764,1
1696,1.0998,-0.6318,-0.109813,65.7608,0.56075
1697,1.1076,0.4981,-0.238875,65.8071,0.3
1698,1.1381,-2.309,-0.335394,65.894,0
1699,1.1632,-5.5355,-0.3185,65.908,0
1700,1.1769,-7.9485,-0.275469,65.843,0
1701,1.1792,-7.5262,-0.2303,65.7109,0.3
1702,1.1701,-6.4504,-0.182994,65.5666,0.3
1703,1.1502,-5.3212,-0.136062,65.4233,0.45575
1704,1.1197,-4.1385,-0.0879438,65.3342,0.648225
1705,1.0793,-2.9652,-0.0407688,65.2632,0.836925
1706,1.0295,-1.7623,0.00616875,65.2259,1
1707,0.9709,-0.5829,0.0523563,65.2336,1
1708,0.9043,0.5906,0.0968437,65.2857,1
1709,0.8304,1.7452,0.1399,65.3745,1
1710,0.7501,2.8574,0.180556,65.4701,1
1711,0.6646,3.9338,0.217388,65.5651,1
1712,0.5748,4.9502,0.251425,65.6571,1
1713,0.4817,5.871,0.282081,65.7456,1
1714,0.3864,6.722,0.30875,65.8305,1
1715,0.29,7.4884,0.331225,65.9121,1
1716,0.1936,8.1551,0.3493,65.9907,1
1717,0.0982,8.717,0.363187,66.067,1
1718,0.0048,9.1688,0.3727,66.1414,1
1719,-0.0856,9.516,0.37765,66.2148,1
1720,-0.172,9.7538,0.37785,66.2878,1
1721,-0.2536,9.8776,0.37395,66.3612,1
1722,-0.3295,9.8826,0.365381,66.4362,1
1723,-0.3886,9.7851,0.309262,66.513,1
1724,-0.3406,9.5709,-0.128137,66.5925,0.48745
1725,-0.1536,8.1679,-0.7192,66.6813,0
1726,0.0835,-2.7671,-0.964056,66.7634,0
1727,0.3264,-17.5437,-1,66.7362,0
1728,0.571,-23.6651,-1,66.5723,0
1729,0.8165,-24.5637,-1,66.3376,0
1730,1.0624,-24.5637,-1,66.0845,0
1731,1.3079,-24.5637,-1,65.8281,0
1732,1.5525,-24.5637,-1,65.5717,0
1733,1.7953,-24.5637,-1,65.3107,0
1734,2.0357,-24.5637,-1,65.045,0
1735,2.2728,-24.5637,-1,64.7814,0
1736,2.5061,-24.5637,-1,64.5203,0
1737,2.7349,-24.5637,-1,64.2618,0
1738,2.9585,-24.5637,-1,64.0055,0
1739,3.3874,-24.5637,-1,63.4978,0
1740,3.5914,-24.5637,-1,63.2431,0
1741,3.7875,-24.5637,-1,62.9877,0
1742,3.9747,-24.5637,-1,62.7218,0
1743,4.3189,-24.5637,-1,62.17,0
1744,4.4745,-24.5637,-1,61.9031,0
1745,4.6183,-24.5637,-1,61.6432,0
1746,4.7473,-24.5637,-1,61.2869,0
1747,4.9545,-24.5637,-1,60.5928,0
1748,5.0315,-24.5637,-1,60.2793,0
1749,5.0903,-24.5637,-1,59.9891,0
1750,5.1543,-24.5637,-1,59.5169,0
1751,5.157,-24.5637,-0.977737,59.2305,0
1752,5.1414,-24.5637,-0.901612,58.9861,0
1753,5.1095,-24.0071,-0.830431,58.7982,0
1754,5.0618,-22.104,-0.758288,58.6269,0
1755,5.0363,-20.3245,-0.842306,58.4581,0
1756,5.0801,-18.5209,-1,58.2852,0
1757,5.0588,-20.6213,-0.863325,58.0906,0
1758,4.6753,-24.5637,0.657381,57.8843,1
1759,4.8861,-21.1468,-1,57.6614,0
1760,5.2912,16.8709,-1,57.4838,0
1761,5.4017,-24.5637,-1,57.4102,0
1762,5.5824,-24.5637,-1,57.1832,0
1763,5.7266,-24.5637,-1,56.9946,0
1764,5.919,-24.5637,-1,56.7921,0
1765,6.1161,-24.5637,-1,56.5395,0
1766,6.3083,-24.5637,-1,56.252,0
1767,6.4961,-24.5637,-1,56.003,0
1768,6.6798,-24.5637,-1,55.7605,0
1769,6.857,-24.5637,-1,55.3491,0
1770,7.0259,-24.5637,-1,54.9124,0
1771,7.1854,-24.5637,-1,54.2598,0
1772,7.3265,-24.5637,-1,53.7963,0
1773,7.4518,-24.5637,-1,53.0855,0
1774,7.5611,-24.5637,-1,52.926,0
1775,7.6573,-24.5637,-1,52.3045,0
1776,7.7378,-24.5637,-1,51.9911,0
1777,7.8056,-24.5637,-1,51.6619,0
1778,7.8617,-24.5637,-1,51.4223,0
1779,7.9062,-24.5637,-1,51.2023,0
1780,7.9395,-24.5637,-1,50.9847,0
1781,7.9615,-24.5637,-1,50.7801,0
1782,7.9818,-24.5637,-1,50.5743,0
1783,7.9999,-24.5637,-1,50.3421,0
1784,8.0156,-24.5637,-1,50.0752,0
1785,8.0285,-24.5637,-1,49.874,0
1786,8.0395,-24.5637,-1,49.5883,0
1787,8.0476,-24.5637,-1,49.1676,0
1788,8.0507,-24.5637,-1,48.8394,0
1789,8.0521,-24.5637,-1,48.2397,0
1790,8.0448,-24.5637,-1,47.8261,0
1791,8.0345,-24.5637,-1,47.1124,0
1792,8.0055,-24.5637,-1,46.7367,0
1793,7.9632,-24.5637,-1,46.1214,0
1794,7.9146,-24.5637,-1,45.8223,0
1795,7.8652,-24.5637,-1,45.2044,0
1796,7.8102,-24.5637,-1,44.8764,0
1797,7.7539,-24.5637,-1,44.4144,0
1798,7.6943,-24.5637,-1,44.124,0
1799,7.6348,-24.5637,-1,43.6365,0
1800,7.5712,-24.5637,-1,43.3458,0
1801,7.5078,-24.5637,-1,42.8661,0
1802,7.441,-24.5637,-1,42.5602,0
1803,7.3744,-24.5637,-1,42.1162,0
1804,7.3046,-24.5637,-1,41.7982,0
1805,7.2353,-24.5637,-1,41.3612,0
1806,7.1693,-24.5637,-1,40.9657,0
1807,7.1136,-24.5637,-1,40.5494,0
1808,7.0595,-24.5637,-1,40.1458,0
1809,7.0051,-24.5637,-1,39.6485,0
1810,6.9677,-24.5637,-1,39.299,0
1811,6.9532,-24.5637,-1,38.3838,0
1812,6.9504,-24.5637,-1,37.666,0
1813,6.9558,-24.5637,-1,36.9446,0
1814,6.9679,-24.5637,-1,36.4857,0
1815,6.9859,-24.5637,-1,36.0752,0
1816,7.0089,-24.5637,-1,35.6915,0
1817,7.0378,-24.5637,-1,35.3868,0
1818,7.0724,-24.5637,-1,35.1604,0
1819,7.12,-24.5637,-1,34.9483,0
1820,7.1801,-24.5637,-1,34.7509,0
1821,7.2522,-24.5637,-1,34.5665,0
1822,7.3358,-24.5637,-1,34.3933,0
1823,7.4295,-24.5637,-1,34.1567,0
1824,7.5329,-24.5637,-1,33.8686,0
1825,7.6455,-24.5637,-1,33.5793,0
1826,7.7636,-24.5637,-1,32.8975,0
1827,7.8875,-24.5637,-1,32.2406,0
1828,8.0127,-24.5637,-1,31.6112,0
1829,8.1388,-24.5637,-1,31.0133,0
1830,8.2653,-24.5637,-1,30.4533,0
1831,8.3922,-24.5637,-1,29.7926,0
1832,8.5191,-24.5637,-1,29.1951,0
1833,5.985,-24.5637,1,28.6433,1
1834,5.9148,-24.5637,-0.828225,28.1334,0
1835,5.841,25,-0.799988,27.5963,0
1836,5.763,-20.2693,-0.768562,27.1086,0
1837,5.6823,-19.5634,-0.742631,26.5627,0
1838,5.5997,-18.7777,-0.719544,26.0733,0
1839,5.5153,-18.1295,-0.696519,25.5956,0
1840,5.4291,-17.5523,-0.673156,25.1271,0
1841,5.3414,-16.9766,-0.650713,24.6652,0
1842,5.2522,-16.3926,-0.627988,24.2075,0
1843,5.1633,-15.8315,-0.612519,23.6667,0
1844,5.0748,-15.2634,-0.597525,23.1663,0
1845,4.9865,-14.8766,-0.581769,22.658,0
1846,4.8989,-14.5018,-0.568144,22.1469,0
1847,4.8104,-14.1079,-0.54795,21.652,0
1848,4.7316,-13.7673,-0.571975,20.7123,0
1849,4.6554,-13.2624,-0.568087,20.2336,0
1850,4.5814,-13.863,-0.563013,19.8057,0
1851,4.5094,-13.7659,-0.557512,19.4883,0
1852,4.4411,-13.639,-0.559506,19.1055,0
1853,4.3741,-13.5015,-0.552144,18.8631,0
1854,4.3081,-13.5513,-0.543769,18.6733,0
1855,4.2431,-13.3673,-0.535581,18.5174,0
1856,4.1788,-13.1579,-0.526325,18.3813,0
1857,4.1154,-12.9532,-0.518038,18.262,0
1858,4.0526,-12.7218,-0.508662,18.1562,0
1859,3.9906,-12.5146,-0.500238,18.0608,0
1860,3.9294,-12.2802,-0.491962,17.9649,0
1861,3.8689,-12.0696,-0.483419,17.8771,0
1862,3.8102,-11.8627,-0.479613,17.6352,0
1863,3.7642,-11.6491,-0.521788,16.6432,0
1864,3.7221,-11.554,-0.529494,15.9149,0
1865,3.6872,-12.6084,-0.55175,15.364,0
1866,3.6593,-12.801,-0.574519,14.8412,0
1867,3.6388,-13.3574,-0.600275,14.4572,0
1868,3.624,-13.9266,-0.6203,14.0684,0
1869,3.609,-14.5705,-0.616687,13.7923,0
1870,3.5815,-15.0712,-0.561531,13.4854,0
1871,3.5592,-14.9809,-0.57815,13.2578,0
1872,3.5415,-13.602,-0.593231,13.0125,0
1873,3.5283,-14.0174,-0.608756,12.7931,0
1874,3.5192,-14.3945,-0.62345,12.5858,0
1875,3.5142,-14.7826,-0.638913,12.387,0
1876,3.5131,-15.1499,-0.654306,12.1916,0
1877,3.5159,-15.5365,-0.670431,11.9976,0
1878,3.5226,-15.9213,-0.687288,11.8016,0
1879,3.533,-16.3245,-0.704037,11.6011,0
1880,3.5472,-16.7459,-0.7219,11.3943,0
1881,3.5652,-17.1646,-0.740475,11.1804,0
1882,3.5871,-17.6112,-0.760181,10.9598,0
1883,3.6129,-18.0755,-0.780619,10.7341,0
1884,3.6425,-18.5682,-0.801369,10.5065,0
