0,0.7598,0,-1,0,0.75
1,0.7598,0,-0.142462,0.438,0.964384
2,0.7598,-24.5637,-0.142462,0.876,0.964384
3,0.7598,-3.1252,-0.142462,1.314,0.964384
4,0.7598,-3.1252,-0.142462,1.752,0.964384
5,0.7598,-3.1252,-0.142462,2.19,0.964384
6,0.7598,-3.1252,-0.142462,2.628,0.964384
7,0.7598,-3.1252,-0.142462,3.066,0.964384
8,0.7598,-3.1252,-0.142462,3.504,0.964384
9,0.7598,-3.1252,-0.142462,3.942,0.964384
10,0.7598,-3.1252,-0.142462,4.38,0.964384
11,0.7598,-3.1252,-0.142462,4.818,0.964384
12,0.7598,-3.1252,-0.142462,5.256,0.964384
13,0.7598,-3.1252,-0.142462,5.694,0.964384
14,0.7598,-3.1252,-0.142462,6.132,0.964384
15,0.7599,-3.1252,-0.142881,6.57,0.96428
16,0.7598,-3.1252,-0.142063,6.7858,0.964484
17,0.7596,-3.1357,-0.141625,4.8975,0.964594
18,0.7594,-3.1152,-0.141587,3.2546,0.964603
19,0.7591,-3.1043,-0.141131,1.8559,0.964717
20,0.7588,-3.1034,-0.141075,0.8577,0.964731
21,0.7585,-3.092,-0.141019,0.994,0.964745
22,0.7581,-3.0905,-0.140544,1.5449,0.964864
23,0.7577,-3.0891,-0.140469,1.8943,0.964883
24,0.7572,-3.0773,-0.139975,2.0572,0.965006
25,0.7568,-3.0754,-0.1403,2.0776,0.964925
26,0.7563,-3.063,-0.139806,1.9882,0.965048
27,0.7557,-3.0712,-0.139294,1.8601,0.965177
28,0.7551,-3.0588,-0.139181,1.7429,0.965205
29,0.7545,-3.046,-0.139069,1.6751,0.965233
30,0.7539,-3.0432,-0.138956,1.6758,0.965261
31,0.7532,-3.0404,-0.138425,1.7353,0.965394
32,0.7525,-3.0376,-0.138294,1.8163,0.965427
33,0.7517,-3.0243,-0.137744,1.9413,0.965564
34,0.7508,-3.021,-0.137175,2.0599,0.965706
35,0.7499,-3.0073,-0.137006,2.1816,0.965748
36,0.749,-2.993,-0.136837,2.2912,0.965791
37,0.748,-2.9888,-0.13625,2.3971,0.965938
38,0.7469,-2.9846,-0.135644,2.5356,0.966089
39,0.7458,-2.9699,-0.135438,2.664,0.966141
40,0.7446,-2.9548,-0.134813,2.7833,0.966297
41,0.7434,-2.9496,-0.134587,2.9182,0.966353
42,0.742,-2.934,-0.133525,3.0528,0.966619
43,0.7406,-2.9284,-0.133263,3.1732,0.966684
44,0.7392,-2.9018,-0.133,3.3374,0.96675
45,0.7376,-2.8952,-0.1319,3.4569,0.967025
46,0.736,-2.8887,-0.1316,3.619,0.9671
47,0.7343,-2.8612,-0.130881,3.7778,0.96728
48,0.7325,-2.8537,-0.130144,3.931,0.967464
49,0.7306,-2.8357,-0.129387,4.0948,0.967653
50,0.7286,-2.8173,-0.128612,4.2604,0.967847
51,0.7266,-2.7984,-0.128238,4.4312,0.967941
52,0.7244,-2.779,-0.127025,4.6064,0.968244
53,0.7221,-2.7696,-0.126194,4.786,0.968452
54,0.7172,-2.7393,-0.114875,5.1587,0.971281
55,0.7145,-2.7185,-0.123169,5.3515,0.969208
56,0.7118,-2.4355,-0.122662,5.5491,0.969334
57,0.7089,-2.6429,-0.121319,5.7507,0.96967
58,0.7059,-2.6302,-0.120356,5.9564,0.969911
59,0.7028,-2.5966,-0.119375,6.1664,0.970156
60,0.6994,-2.5726,-0.117538,6.3806,0.970616
61,0.696,-2.548,-0.1169,6.5991,0.970775
62,0.6924,-2.5021,-0.115425,6.8201,0.971144
63,0.6886,-2.4862,-0.113912,7.0412,0.971522
64,0.6846,-2.4493,-0.112362,7.262,0.971909
65,0.6805,-2.4115,-0.111194,7.4824,0.972202
66,0.6762,-2.3727,-0.109588,7.7025,0.972603
67,0.6718,-2.3435,-0.108362,7.9222,0.972909
68,0.6672,-2.3034,-0.1067,8.1416,0.973325
69,0.6624,-2.2727,-0.105,8.3606,0.97375
70,0.6574,-2.2312,-0.103262,8.5792,0.974184
71,0.6522,-2.1887,-0.101488,8.7975,0.974628
72,0.6468,-2.1452,-0.099675,9.0155,0.975081
73,0.6413,-2.1009,-0.0982437,9.2332,0.975439
74,0.6355,-2.0555,-0.0959562,9.4505,0.976011
75,0.6296,-2.0198,-0.09445,9.6675,0.976387
76,0.6235,-1.9626,-0.0925063,9.8842,0.976873
77,0.6172,-1.9249,-0.090525,10.1005,0.977369
78,0.6106,-1.8763,-0.0880875,10.3165,0.977978
79,0.6039,-1.8268,-0.0864312,10.5322,0.978392
80,0.597,-1.7659,-0.0843375,10.7476,0.978916
81,0.5898,-1.7244,-0.0817875,10.9626,0.979553
82,0.5825,-1.6721,-0.0800188,11.1774,0.979995
83,0.5749,-1.6084,-0.0773937,11.3918,0.980652
84,0.5671,-1.5641,-0.0751313,11.6835,0.981217
85,0.5593,-1.4985,-0.0736687,11.689,0.981583
86,0.5514,-1.4419,-0.0717875,12.1798,0.982053
87,0.5444,-1.4054,-0.074075,11.9327,0.981481
88,0.5383,-1.3584,-0.0765313,12.4115,0.980867
89,0.5335,-1.4155,-0.0808312,12.693,0.979792
90,0.5309,-1.4769,-0.0891438,12.7486,0.977714
91,0.5313,-1.5844,-0.101219,13.0399,0.974695
92,0.5195,-1.7923,-0.0502062,13.3871,0.987448
93,0.5114,-2.0941,-0.0634875,13.404,0.984128
94,0.5044,-0.8188,-0.066575,13.8338,0.983356
95,0.4985,-1.1509,-0.0698688,13.763,0.982533
96,0.4932,-1.228,-0.071275,14.2408,0.982181
97,0.4885,-1.3104,-0.0727937,14.2165,0.981802
98,0.4797,-1.3455,-0.0547438,14.6842,0.986314
99,0.4756,-1.3835,-0.072775,15.088,0.981806
100,0.4715,-0.9323,-0.0720062,15.0305,0.981998
101,0.4715,-0.9323,-0.0884062,15.0305,0.977898
102,0.4672,-1.3638,-0.0704,15.5051,0.9824
103,0.4626,-1.7738,-0.0683375,15.4478,0.982916
104,0.4578,-1.3237,-0.0666375,15.9149,0.983341
105,0.4528,-1.2721,-0.0649,15.8641,0.983775
106,0.4476,-1.2296,-0.063125,16.3207,0.984219
107,0.4422,-1.1862,-0.0613125,16.2909,0.984672
108,0.4366,-1.1418,-0.0594625,16.7332,0.985134
109,0.4308,-1.0965,-0.057575,16.6975,0.985606
110,0.4248,-1.0502,-0.05565,17.1363,0.986088
111,0.4186,-1.003,-0.0536875,17.1194,0.986578
112,0.4122,-0.9549,-0.0516875,17.5414,0.987078
113,0.4057,-0.9059,-0.0500687,17.532,0.987483
114,0.3989,-0.8559,-0.0475937,17.9423,0.988102
115,0.392,-0.8154,-0.0459,17.9484,0.988525
116,0.3849,-0.7535,-0.0437688,18.3425,0.989058
117,0.3776,-0.7112,-0.0416,18.362,0.9896
118,0.3702,-0.6579,-0.0398125,18.741,0.990047
119,0.3626,-0.6037,-0.0375875,18.7743,0.990603
120,0.3548,-0.559,-0.035325,19.1382,0.991169
121,0.3469,-0.5034,-0.0334437,19.1849,0.991639
122,0.3388,-0.4468,-0.031125,19.5342,0.992219
123,0.3306,-0.3998,-0.0291875,19.5939,0.992703
124,0.3223,-0.3418,-0.0272312,19.929,0.993192
125,0.3138,-0.2934,-0.0248375,20.0012,0.993791
126,0.3052,-0.2444,-0.022825,20.3226,0.994294
127,0.2966,-0.1846,-0.0212125,20.4072,0.994697
128,0.2877,-0.1343,-0.0183438,20.7149,0.995414
129,0.2789,-0.094,-0.0170937,20.8121,0.995727
130,0.2699,-0.0223,-0.0146062,21.1058,0.996348
131,0.2608,0.009,-0.0125,21.2159,0.996875
132,0.2517,0.0712,-0.0107938,21.4954,0.997302
133,0.2426,0.1238,-0.0090875,21.6184,0.997728
134,0.2333,0.1665,-0.00654375,21.8837,0.998364
135,0.2241,0.2091,-0.00521875,22.0194,0.998695
136,0.2148,0.2727,-0.003075,22.2708,0.999231
137,0.2055,0.3059,-0.00133125,22.4188,0.999667
138,0.1962,0.3595,0.0004125,22.657,1
139,0.1777,0.4031,0.0406813,23.0427,1
140,0.1684,0.4466,0.005625,23.2113,1
141,0.1595,1.4534,0.00569375,23.427,1
142,0.1418,0.577,0.0442125,23.8112,1
143,0.1331,0.5787,0.00984375,23.9929,1
144,0.1246,1.5416,0.0106375,24.1943,1
145,0.1163,0.6824,0.0113938,24.3795,1
146,0.1001,0.7023,0.0460313,24.7646,1
147,0.0922,0.7212,0.0143125,24.9588,1
148,0.0846,1.5871,0.0145375,25.147,1
149,0.0772,0.7941,0.015125,25.3388,1
150,0.07,0.7998,0.015675,25.5279,1
151,0.0629,0.8145,0.0166063,25.7182,1
152,0.0561,0.8282,0.0166813,25.9071,1
153,0.0494,0.8515,0.0175375,26.0962,1
154,0.043,0.8534,0.0175375,26.2845,1
155,0.0368,0.8748,0.0179,26.4727,1
156,0.0309,0.8748,0.0178062,26.6604,1
157,0.0252,0.8838,0.018075,26.8477,1
158,0.0197,0.8815,0.0183063,27.0346,1
159,0.0145,0.8882,0.0180812,27.2212,1
160,0.0096,0.894,0.0178,27.4073,1
161,0.0049,0.8884,0.0178812,27.5931,1
162,0.0005,0.8813,0.0175062,27.7784,1
163,-0.0036,0.8834,0.017075,27.9634,1
164,-0.0073,0.874,0.0161687,28.1481,1
165,-0.0108,0.8632,0.016025,28.3323,1
166,-0.014,0.8406,0.015425,28.5162,1
167,-0.0169,0.837,0.0147687,28.6996,1
168,-0.0195,0.822,0.0140563,28.8828,1
169,-0.0218,0.8056,0.0132875,29.0655,1
170,-0.0254,0.7877,0.0191625,29.4298,1
171,-0.0267,0.7685,0.0102063,29.6114,1
172,-0.0277,0.9154,0.00919375,29.7926,1
173,-0.0283,0.6915,0.00770625,29.9734,1
174,-0.0287,0.6662,0.00698125,30.1539,1
175,-0.0287,0.629,0.00538125,30.334,1
176,-0.0284,0.6109,0.004125,30.5138,1
177,-0.0279,0.5709,0.00323125,30.693,1
178,-0.027,0.5395,0.0014625,30.8722,1
179,-0.0244,0.5171,-0.005825,31.229,0.998544
180,-0.0227,0.4729,-0.00254375,31.4069,0.999364
181,-0.0208,0.2907,-0.0037,31.5844,0.999075
182,-0.0208,0.2907,0.0039,31.5844,1
183,-0.0134,0.3438,-0.0270875,32.114,0.993228
184,-0.0071,0.5338,-0.0238688,32.4654,0.994033
185,-0.0071,0.5338,0.00133125,32.4654,1
186,-0.0035,-0.1604,-0.0137438,32.6407,0.996564
187,0.0021,0.4696,-0.0227938,32.8138,0.994302
188,0.0099,0.0927,-0.0330563,32.9889,0.991736
189,0.02,-0.1335,-0.04415,33.1619,0.988962
190,0.0317,-0.3901,-0.0527437,33.3342,0.986814
191,0.0455,-0.6674,-0.0637313,33.5054,0.984067
192,0.0614,-0.8823,-0.0751125,33.6753,0.981222
193,0.0791,-1.1569,-0.0856313,33.8443,0.978592
194,0.0976,-1.4415,-0.0923,34.0119,0.976925
195,0.1156,-1.7044,-0.093675,34.1783,0.976581
196,0.1332,-1.8712,-0.095375,34.3435,0.976156
197,0.1503,-1.9055,-0.0965812,34.5081,0.975855
198,0.1668,-1.948,-0.097275,34.6724,0.975681
199,0.1827,-1.9782,-0.0978562,34.8363,0.975536
200,0.1979,-1.9955,-0.0979062,35,0.975523
201,0.2124,-2.0101,-0.097825,35.1633,0.975544
202,0.2262,-2.0113,-0.0976125,35.3263,0.975597
203,0.2391,-2.0093,-0.0964312,35.489,0.975892
204,0.2513,-2.004,-0.0959188,35.6515,0.97602
205,0.2626,-1.9744,-0.0944375,35.8138,0.976391
206,0.2731,-1.9616,-0.0932063,35.9758,0.976698
207,0.2913,-1.9246,-0.127419,36.2992,0.968145
208,0.299,-1.8938,-0.0868625,36.4605,0.978284
209,0.3055,-2.7491,-0.0832813,36.6206,0.97918
210,0.3109,-1.7352,-0.0798938,36.7789,0.980027
211,0.3154,-1.6457,-0.0771375,36.9403,0.980716
212,0.319,-1.561,-0.0742125,37.1012,0.981447
213,0.3215,-1.4921,-0.0702813,37.2621,0.98243
214,0.3231,-1.419,-0.0669812,37.4228,0.983255
215,0.3237,-1.3207,-0.0630937,37.5834,0.984227
216,0.3234,-1.2382,-0.0594375,37.744,0.985141
217,0.3221,-1.141,-0.0551937,37.9044,0.986202
218,0.32,-1.0496,-0.0516,38.0647,0.9871
219,0.317,-0.9435,-0.0474375,38.2249,0.988141
220,0.3131,-0.8537,-0.0431062,38.3851,0.989223
221,0.3084,-0.7496,-0.039025,38.5451,0.990244
222,0.3029,-0.6413,-0.0347937,38.7051,0.991302
223,0.2966,-0.5393,-0.0304125,38.8649,0.992397
224,0.2897,-0.4335,-0.0267188,39.0247,0.99332
225,0.2821,-0.324,-0.0224938,39.1844,0.994377
226,0.2738,-0.2316,-0.0181375,39.3439,0.995466
227,0.265,-0.126,-0.0144875,39.5034,0.996378
228,0.2556,-0.0171,-0.010325,39.6628,0.997419
229,0.2458,0.0741,-0.0068875,39.822,0.998278
230,0.2356,0.1782,-0.003375,39.9811,0.999156
231,0.2249,0.2641,0.00063125,40.1402,1
232,0.214,0.352,0.003475,40.299,1
233,0.2028,0.4521,0.006775,40.4577,1
234,0.1914,0.5232,0.0097125,40.6163,1
235,0.1798,0.6057,0.0126875,40.7745,1
236,0.1682,0.6791,0.0148625,40.9324,1
237,0.1565,0.7535,0.0174562,41.0899,1
238,0.1448,0.8079,0.01965,41.2471,1
239,0.1332,0.8727,0.021425,41.4039,1
240,0.1217,0.9276,0.0231813,41.5604,1
241,0.1104,0.972,0.0245,41.7165,1
242,0.0993,1.0159,0.0257812,41.8723,1
243,0.0885,1.0488,0.0266063,42.0278,1
244,0.078,1.0809,0.027375,42.183,1
245,0.0679,1.1015,0.0276687,42.3379,1
246,0.0582,1.1207,0.0278875,42.4924,1
247,0.0489,1.1281,0.0280313,42.6467,1
248,0.0401,1.1335,0.0276813,42.8006,1
249,0.0319,1.1371,0.0268187,42.9542,1
250,0.0242,1.1284,0.0262625,43.1076,1
251,0.0185,1.1068,0.0193313,43.2606,1
252,0.0204,1.0929,-0.011425,43.4133,0.997144
253,0.0338,0.9196,-0.0599375,43.5658,0.985016
254,0.0255,0.1507,0.0284187,43.7181,1
255,0.0325,-1.0621,-0.0340938,43.8685,0.991477
256,0.046,1.1468,-0.062625,44.016,0.984344
257,0.0603,-0.416,-0.0685063,44.167,0.982873
258,0.0746,-1.1293,-0.0711875,44.3152,0.982203
259,0.0888,-1.2763,-0.07345,44.4611,0.981637
260,0.1029,-1.3434,-0.0756938,44.6063,0.981077
261,0.1166,-1.3999,-0.0766625,44.7511,0.980834
262,0.13,-1.456,-0.077975,44.8955,0.980506
263,0.1555,-1.4802,-0.131156,45.1833,0.967211
264,0.1555,-1.4802,-0.0291563,45.1833,0.992711
265,0.167,-2.8426,-0.0773125,45.3245,0.980672
266,0.1782,-0.2926,-0.0782125,45.4646,0.980447
267,0.1888,-1.4965,-0.0778,45.6103,0.98055
268,0.1986,-1.519,-0.0764375,45.7532,0.980891
269,0.2077,-1.5087,-0.0753437,45.8957,0.981164
270,0.216,-1.4746,-0.0737,46.0379,0.981575
271,0.2234,-1.4473,-0.0714875,46.18,0.982128
272,0.23,-1.4062,-0.069525,46.3219,0.982619
273,0.2357,-1.3509,-0.0669937,46.4637,0.983252
274,0.2404,-1.3018,-0.063875,46.6054,0.984031
275,0.2442,-1.2385,-0.0609875,46.7468,0.984753
276,0.2471,-1.1605,-0.0579312,46.8884,0.985517
277,0.249,-1.0884,-0.0542875,47.0298,0.986428
278,0.25,-1.0119,-0.050875,47.1711,0.987281
279,0.25,-0.9209,-0.046875,47.3124,0.988281
280,0.2491,-0.8355,-0.0431062,47.4535,0.989223
281,0.2473,-0.7355,-0.0391688,47.5947,0.990208
282,0.2446,-0.6413,-0.0350625,47.7357,0.991234
283,0.2411,-0.5429,-0.0312062,47.8768,0.992198
284,0.2367,-0.4402,-0.0267812,48.0178,0.993305
285,0.2315,-0.3438,-0.0226063,48.1587,0.994348
286,0.2256,-0.2332,-0.0187,48.2995,0.995325
287,0.219,-0.1288,-0.0146625,48.4404,0.996334
288,0.2039,0.0698,0.0221688,48.7218,1
289,0.1955,0.0698,-0.00305625,48.8624,0.999236
290,0.1868,0.9906,-0.000225,49.0023,0.999944
291,0.1778,0.3599,0.0026625,49.1429,1
292,0.1684,0.4307,0.006025,49.2833,1
293,0.1588,0.5029,0.008625,49.4236,1
294,0.149,0.587,0.0112625,49.5635,1
295,0.139,0.652,0.0139375,49.7032,1
296,0.129,0.7179,0.0158125,49.8425,1
297,0.119,0.7848,0.0176875,49.9815,1
298,0.111,0.8316,0.0111875,50.1202,1
299,0.1086,0.8785,-0.0107625,50.2587,0.997309
300,0.1105,0.716,-0.0283187,50.3969,0.99292
301,0.1177,0.1673,-0.0508687,50.5349,0.987283
302,0.1294,-0.2716,-0.0710625,50.6721,0.982234
303,0.142,-0.8354,-0.077025,50.8075,0.980744
304,0.1541,-1.3402,-0.0772937,50.9408,0.980677
305,0.1657,-1.4893,-0.0774688,51.0724,0.980633
306,0.1766,-1.496,-0.0767125,51.2033,0.980822
307,0.1868,-1.5004,-0.075825,51.3339,0.981044
308,0.1962,-1.4815,-0.0743875,51.4643,0.981403
309,0.2048,-1.4593,-0.0728,51.5947,0.9818
310,0.2126,-1.4234,-0.0710625,51.7249,0.982234
311,0.2194,-1.3837,-0.0683375,51.8551,0.982916
312,0.2253,-1.3402,-0.0658437,51.9851,0.983539
313,0.2302,-1.2721,-0.0627625,52.1151,0.984309
314,0.2341,-1.2098,-0.0594938,52.2451,0.985127
315,0.237,-1.1327,-0.0560375,52.375,0.985991
316,0.2389,-1.051,-0.0523938,52.505,0.986902
317,0.2397,-0.9646,-0.0481437,52.6348,0.987964
318,0.2395,-0.8735,-0.0441062,52.7648,0.988973
319,0.2383,-0.7673,-0.0398813,52.8947,0.99003
320,0.2361,-0.6663,-0.0354687,53.0246,0.991133
321,0.233,-0.5607,-0.0312875,53.1545,0.992178
322,0.2289,-0.4504,-0.0265187,53.2844,0.99337
323,0.2239,-0.3459,-0.0219812,53.4143,0.994505
324,0.2181,-0.2266,-0.0176938,53.5443,0.995577
325,0.2115,-0.1132,-0.0132563,53.6742,0.996686
326,0.2042,-0.006,-0.0090875,53.8041,0.997728
327,0.1962,0.1049,-0.0047875,53.934,0.998803
328,0.1875,0.2091,-0.00035625,54.0638,0.999911
329,0.1784,0.3166,0.00295,54.1936,1
330,0.1687,0.4274,0.00716875,54.3233,1
331,0.0931,0.5101,0.284944,55.2263,1
332,0.059,0.6156,0.125338,55.6094,1
333,0.0502,7.5599,0.0257875,55.7099,1
334,0.0461,3.5698,0.00775625,55.8264,1
335,0.0545,1.081,-0.0438187,55.9516,0.989045
336,0.0576,0.6302,-0.0232,56.078,0.9942
337,0.0705,-0.6591,-0.0648187,56.2035,0.983795
338,0.0893,-0.1437,-0.0919438,56.3271,0.977014
339,0.109,-1.1841,-0.0992375,56.45,0.975191
340,0.1285,-1.8623,-0.102094,56.5695,0.974477
341,0.1478,-2.0446,-0.104912,56.6867,0.973772
342,0.1666,-2.116,-0.106438,56.803,0.973391
343,0.1848,-2.1865,-0.10745,56.9189,0.973137
344,0.2022,-2.2246,-0.107512,57.0345,0.973122
345,0.2187,-2.2499,-0.107006,57.1499,0.973248
346,0.2341,-2.2515,-0.105494,57.2652,0.973627
347,0.2484,-2.2388,-0.103775,57.3805,0.974056
348,0.2613,-2.201,-0.100594,57.4958,0.974852
349,0.2729,-2.158,-0.0975687,57.6112,0.975608
350,0.283,-2.0785,-0.0934625,57.7266,0.976634
351,0.2915,-2.0029,-0.0886563,57.8422,0.977836
352,0.2984,-1.9002,-0.08355,57.9577,0.979112
353,0.3036,-1.7801,-0.077725,58.0737,0.980569
354,0.3072,-1.6524,-0.072,58.1899,0.982
355,0.309,-1.5068,-0.0651375,58.3062,0.983716
356,0.3092,-1.3637,-0.058775,58.4228,0.985306
357,0.3076,-1.1921,-0.051275,58.5396,0.987181
358,0.3043,-1.033,-0.0438563,58.6566,0.989036
359,0.2995,-0.8455,-0.0369562,58.7739,0.990761
360,0.293,-0.6601,-0.0289375,58.8914,0.992766
361,0.285,-0.4876,-0.0214375,59.0091,0.994641
362,0.2756,-0.2871,-0.014075,59.127,0.996481
363,0.2648,-0.0996,-0.00645,59.2451,0.998387
364,0.2527,0.0845,0.00101875,59.3634,1
365,0.2396,0.2751,0.007475,59.4818,1
366,0.2254,0.4618,0.0145375,59.6003,1
367,0.2103,0.6232,0.0209688,59.7189,1
368,0.1944,0.7998,0.02715,59.8372,1
369,0.178,0.9606,0.032225,59.9552,1
370,0.1611,1.1151,0.0373937,60.0729,1
371,0.1438,1.242,0.0422375,60.1902,1
372,0.1265,1.3712,0.0454813,60.3072,1
373,0.1091,1.4923,0.0491437,60.4238,1
374,0.0919,1.5734,0.0515688,60.5402,1
375,0.075,1.6649,0.0535375,60.6562,1
376,0.0586,1.7256,0.0546125,60.772,1
377,0.0427,1.7748,0.0555937,60.8875,1
378,0.0295,1.8016,0.0472688,61.0028,1
379,0.0396,1.8262,-0.047825,61.1179,0.988044
380,0.0427,1.6181,-0.0204062,61.233,0.994898
381,0.0514,-0.7593,-0.0444375,61.3476,0.988891
382,0.0814,-0.0738,-0.135263,61.4605,0.966184
383,0.1122,-0.6746,-0.144237,61.5735,0.963941
384,0.1423,-2.9452,-0.147081,61.6805,0.96323
385,0.1714,-3.1696,-0.148537,61.7816,0.962866
386,0.1993,-3.2407,-0.148969,61.8811,0.962758
387,0.2257,-3.2771,-0.147919,61.9804,0.96302
388,0.2504,-3.2879,-0.14575,62.0798,0.963562
389,0.2731,-3.2616,-0.142006,62.1793,0.964498
390,0.2938,-3.2074,-0.137887,62.2793,0.965528
391,0.3122,-3.1138,-0.132137,62.3797,0.966966
392,0.3281,-3.0109,-0.125119,62.4808,0.96872
393,0.3415,-2.8671,-0.117631,62.5824,0.970592
394,0.3522,-2.6916,-0.108837,62.6847,0.972791
395,0.3603,-2.5044,-0.0999562,62.7877,0.975011
396,0.3656,-2.2846,-0.08975,62.8914,0.977563
397,0.3681,-2.0626,-0.0790187,62.9958,0.980245
398,0.3678,-1.8074,-0.0677625,63.1008,0.983059
399,0.3649,-1.5391,-0.0568187,63.2065,0.985795
400,0.3593,-1.2577,-0.0449688,63.3129,0.988758
401,0.351,-0.9841,-0.0326125,63.4198,0.991847
402,0.3272,-0.379,0.03385,63.6352,1
403,0.3118,-0.379,0.0031375,63.7436,1
404,0.2947,1.2826,0.0131438,63.851,1
405,0.2759,0.5148,0.0234688,63.96,1
406,0.2554,0.7649,0.0341125,64.0693,1
407,0.2336,1.0231,0.0434,64.1784,1
408,0.2106,1.2891,0.0525125,64.287,1
409,0.1866,1.5213,0.0610125,64.3951,1
410,0.1621,1.7491,0.0676062,64.5028,1
411,0.1378,1.9616,0.0713625,64.6099,1
412,0.1193,2.1265,0.0516313,64.7166,1
413,0.1052,2.2204,0.036675,64.8231,1
414,0.0982,1.7271,0.0095875,64.9301,1
415,0.0929,1.3532,0.00378125,65.0374,1
416,0.0876,0.676,0.004775,65.1448,1
417,0.0824,0.5309,0.00535,65.2521,1
418,0.0774,0.5557,0.0054875,65.3592,1
419,0.0725,0.5701,0.00600625,65.4662,1
420,0.0679,0.5735,0.00566875,65.5728,1
421,0.0636,0.5865,0.005275,65.6793,1
422,0.0596,0.5781,0.004825,65.7856,1
423,0.056,0.5682,0.0039,65.8916,1
424,0.0528,0.557,0.0029,65.9975,1
425,0.05,0.5338,0.001825,66.1031,1
426,0.0477,0.5088,0.00025625,66.2086,1
427,0.0459,0.482,-0.00140625,66.3138,0.999648
428,0.0447,0.4427,-0.00358125,66.4188,0.999105
429,0.0439,0.4012,-0.00503125,66.5236,0.998742
430,0.0437,0.3468,-0.00739375,66.6281,0.998152
431,0.0439,0.3106,-0.00903125,66.7323,0.997742
432,0.0447,0.2515,-0.0115812,66.8362,0.997105
433,0.0461,0.2106,-0.0142438,66.9398,0.996439
434,0.0479,0.1468,-0.0161812,67.043,0.995955
435,0.0502,0.0802,-0.0186125,67.1459,0.995347
436,0.0529,0.0318,-0.0207188,67.2484,0.99482
437,0.0561,-0.029,-0.0233187,67.3506,0.99417
438,0.0596,-0.0816,-0.025175,67.4524,0.993706
439,0.0635,-0.1466,-0.0275063,67.5538,0.993123
440,0.0678,-0.193,-0.0299125,67.6548,0.992522
441,-0.1015,-0.2513,0.696231,67.7555,1
442,0.1261,-0.3115,-0.934044,67.856,0.766489
443,0.1636,17.8421,-0.180675,67.8913,0.954831
444,0.2169,-22.9148,-0.253869,67.921,0.936533
445,0.2702,-4.0805,-0.263862,67.8994,0.934034
446,0.3212,-5.9104,-0.264225,67.9464,0.933944
447,0.3694,-6.1602,-0.262063,68.0065,0.934484
448,0.4143,-6.1693,-0.257281,68.0704,0.93568
449,0.4553,-6.1152,-0.249369,68.1366,0.937658
450,0.4921,-5.9957,-0.239469,68.2049,0.940133
451,0.5242,-5.7979,-0.226688,68.2756,0.943328
452,0.5513,-5.5504,-0.211769,68.3488,0.947058
453,0.5732,-5.2309,-0.195075,68.4247,0.951231
454,0.5896,-4.8579,-0.17615,68.5034,0.955963
455,0.6005,-4.4405,-0.156194,68.5848,0.960952
456,0.6057,-3.9674,-0.134369,68.6689,0.966408
457,0.6052,-3.4685,-0.111475,68.7553,0.972131
458,0.5992,-2.9229,-0.08835,68.844,0.977912
459,0.5876,-2.3505,-0.063775,68.9346,0.984056
460,0.5485,-1.7724,0.0535563,69.1204,1
461,0.4888,-1.158,0.14715,69.3092,1
462,0.4525,1.7752,0.0603563,69.4019,1
463,0.4135,4.1151,0.0784688,69.4884,1
464,0.3716,1.9452,0.097925,69.5817,1
465,0.3271,2.3981,0.116669,69.676,1
466,0.2807,2.8845,0.132969,69.7695,1
467,0.2328,3.3531,0.14795,69.8618,1
468,0.1841,3.7606,0.160281,69.9528,1
469,0.1351,4.1351,0.170669,70.0427,1
470,0.0864,4.4434,0.1786,70.1315,1
471,0.0385,4.7031,0.184381,70.2196,1
472,-0.008,4.9013,0.1875,70.3072,1
473,-0.0525,5.0459,0.187844,70.3944,1
474,-0.0946,5.1238,0.186138,70.4817,1
475,-0.1338,5.1324,0.181887,70.5692,1
476,-0.1697,5.0898,0.175419,70.6571,1
477,-0.202,4.9835,0.167075,70.7457,1
478,-0.2301,4.8218,0.155544,70.835,1
479,-0.2532,4.6132,0.139875,70.9251,1
480,-0.2736,4.3249,0.1329,71.0162,1
481,-0.25,3.9332,-0.047525,71.1083,0.988119
482,-0.1982,3.7588,-0.170038,71.2008,0.957491
483,-0.1358,-0.7518,-0.224137,71.2932,0.943966
484,-0.0713,-3.8146,-0.244631,71.3715,0.938842
485,-0.0058,-5.1671,-0.260912,71.4355,0.934772
486,0.0601,-5.6794,-0.274869,71.4924,0.931283
487,0.1255,-6.0865,-0.285131,71.5458,0.928717
488,0.1896,-6.4354,-0.29195,71.5972,0.927013
489,0.2517,-6.6919,-0.295594,71.6476,0.926102
490,0.3109,-6.8624,-0.295094,71.6977,0.926227
491,0.3667,-6.9535,-0.291956,71.7483,0.927011
492,0.4183,-6.941,-0.284831,71.8004,0.928792
493,0.4651,-6.8626,-0.274406,71.8543,0.931398
494,0.5067,-6.6845,-0.261406,71.9106,0.934648
495,0.5426,-6.4238,-0.245337,71.9695,0.938666
496,0.5724,-6.0988,-0.226525,72.0322,0.943369
497,0.5958,-5.6971,-0.205312,72.0981,0.948672
498,0.6126,-5.2268,-0.182063,72.1675,0.954484
499,0.6228,-4.6965,-0.157575,72.2401,0.960606
500,0.6261,-4.1152,-0.130594,72.3159,0.967352
501,0.6227,-3.503,-0.103156,72.3946,0.974211
502,0.6156,-2.8285,-0.087025,72.4759,0.978244
503,0.618,-2.1426,-0.125475,72.5594,0.968631
504,0.6308,-1.7393,-0.169475,72.6446,0.957631
505,0.6407,-2.7005,-0.159731,72.7295,0.960067
506,0.6436,-3.8005,-0.132275,72.8101,0.966931
507,0.6394,-3.557,-0.103088,72.8887,0.974228
508,0.6282,-2.8705,-0.0729875,72.9684,0.981753
509,0.6102,-2.1409,-0.0424125,73.0501,0.989397
510,0.5856,-1.3884,-0.0114,73.134,0.99715
511,0.5549,-0.624,0.0187563,73.2197,1
512,0.5184,0.1513,0.0488,73.3069,1
513,0.4766,0.9052,0.0778375,73.3952,1
514,0.4301,1.6563,0.105356,73.4832,1
515,0.3796,2.3823,0.130825,73.5701,1
516,0.3257,3.0702,0.154531,73.6552,1
517,0.269,3.707,0.176362,73.7382,1
518,0.2106,4.2996,0.194113,73.8191,1
519,0.1509,4.8454,0.210506,73.898,1
520,0.091,5.2891,0.222538,73.9751,1
521,0.0315,5.699,0.232094,74.0506,1
522,-0.0267,5.9998,0.237806,74.125,1
523,-0.0878,6.2387,0.260862,74.1987,1
524,-0.0935,6.3815,0.0403312,74.2723,1
525,-0.0511,6.9579,-0.160019,74.3433,0.959995
526,-0.0171,1.4446,-0.132794,74.4276,0.966802
527,0.0176,-3.5641,-0.1421,74.4982,0.964475
528,0.0526,-2.8835,-0.149863,74.5653,0.962534
529,0.0874,-3.1162,-0.155588,74.6317,0.961103
530,0.1216,-3.3102,-0.1596,74.6977,0.9601
531,0.1547,-3.4534,-0.161406,74.7635,0.959648
532,0.1863,-3.5537,-0.161331,74.8294,0.959667
533,0.2161,-3.5988,-0.159719,74.8957,0.96007
534,0.2437,-3.597,-0.156094,74.9627,0.960977
535,0.2688,-3.5566,-0.1508,75.0303,0.9623
536,0.291,-3.466,-0.143363,75.0993,0.964159
537,0.3102,-3.3337,-0.134962,75.1693,0.966259
538,0.3261,-3.1477,-0.124744,75.2405,0.968814
539,0.3386,-2.9377,-0.113488,75.3129,0.971628
540,0.3475,-2.6823,-0.100756,75.3871,0.974811
541,0.3527,-2.4009,-0.0869313,75.4625,0.978267
542,0.3543,-2.0826,-0.0728312,75.5392,0.981792
543,0.3522,-1.7369,-0.0576375,75.6171,0.985591
544,0.3466,-1.3844,-0.0425875,75.6962,0.989353
545,0.3374,-1.0046,-0.0264625,75.7764,0.993384
546,0.325,-0.6284,-0.0113375,75.8576,0.997166
547,0.3093,-0.2252,0.00480625,75.9396,1
548,0.2907,0.1529,0.0198938,76.0224,1
549,0.2693,0.5565,0.0351063,76.1058,1
550,0.2456,0.9337,0.04875,76.1895,1
551,0.2197,1.314,0.0624063,76.2731,1
552,0.1921,1.6551,0.0743813,76.3561,1
553,0.163,1.9965,0.0858375,76.4386,1
554,0.133,2.2959,0.0950625,76.5202,1
555,0.1024,2.5823,0.1032,76.6014,1
556,0.0715,2.8129,0.110194,76.682,1
557,0.0409,3.0163,0.114731,76.762,1
558,0.0113,3.1912,0.116281,76.8415,1
559,0.0807,3.3046,-0.292731,76.9205,0.926817
560,0.0345,3.3434,0.178331,76.9997,1
561,0.0352,-6.882,-0.0094,77.0489,0.99765
562,0.0848,4.8946,-0.2143,77.1044,0.946425
563,0.135,0.2013,-0.226113,77.1788,0.943472
564,0.1836,-4.9212,-0.228825,77.2404,0.942794
565,0.23,-5.2165,-0.228725,77.2924,0.942819
566,0.2737,-5.2843,-0.226119,77.3416,0.94347
567,0.3139,-5.2818,-0.219656,77.3907,0.945086
568,0.3822,-5.2166,-0.344862,77.4924,0.913784
569,0.4093,-5.0551,-0.185144,77.5455,0.953714
570,0.43,-8.1852,-0.163425,77.5788,0.959144
571,0.4449,-4.1923,-0.143019,77.63,0.964245
572,0.454,-3.6493,-0.121525,77.6907,0.969619
573,0.4576,-3.1391,-0.1002,77.7567,0.97495
574,0.496,-2.6018,-0.2466,77.8259,0.93835
575,0.5781,-2.0687,-0.436794,77.8975,0.890802
576,0.6648,-5.7287,-0.47145,77.9562,0.882138
577,0.7423,-10.4835,-0.449181,77.9737,0.887705
578,0.8094,-11.3499,-0.420163,77.9704,0.894959
579,0.8652,-10.7932,-0.385425,77.9648,0.903644
580,0.9091,-10.0677,-0.346056,77.9655,0.913486
581,0.9404,-9.1993,-0.301525,77.9768,0.924619
582,0.9588,-8.2151,-0.253375,78.0002,0.936656
583,0.9642,-7.1018,-0.202387,78.0367,0.949403
584,0.9567,-5.898,-0.149381,78.0837,0.962655
585,0.9365,-4.6234,-0.0947938,78.1403,0.976302
586,0.9041,-3.2982,-0.0399188,78.2036,0.99002
587,0.8599,-1.9335,0.0155688,78.2724,1
588,0.8046,-0.5616,0.0703375,78.345,1
589,0.7392,0.8256,0.123,78.4205,1
590,0.6645,2.1948,0.174206,78.4963,1
591,0.5818,3.5113,0.221712,78.5683,1
592,0.4923,4.7915,0.265694,78.6351,1
593,0.4016,5.9791,0.2875,78.6956,1
594,0.3558,7.0787,0.116488,78.7497,1
595,0.372,7.6238,-0.13455,78.8007,0.966363
596,0.3928,3.3485,-0.15685,78.8697,0.960788
597,0.4085,-2.9274,-0.139394,78.9306,0.965152
598,0.4188,-3.4849,-0.119725,78.9839,0.970069
599,0.4235,-3.0485,-0.0982062,79.0375,0.975448
600,0.4228,-2.5568,-0.076475,79.0943,0.980881
601,0.4051,-2.0188,-0.00515625,79.2173,0.998711
602,0.3662,-1.4755,0.0869375,79.349,1
603,0.3395,0.3074,0.0431438,79.4193,1
604,0.3395,0.3074,-0.0636562,79.4193,0.984086
605,0.309,1.5149,0.0640625,79.4931,1
606,0.2747,-1.1551,0.0856937,79.5651,1
607,0.2796,2.0379,-0.072025,79.6377,0.981994
608,0.3189,2.5787,-0.216994,79.7113,0.945752
609,0.3623,-1.3643,-0.241531,79.7821,0.939617
610,0.4006,-4.9885,-0.228313,79.8321,0.942922
611,0.4329,-5.602,-0.210369,79.8701,0.947408
612,0.4589,-5.2715,-0.190044,79.9072,0.952489
613,0.4782,-4.8229,-0.166863,79.9479,0.958284
614,0.4908,-4.3148,-0.142425,79.9934,0.964394
615,0.4965,-3.7352,-0.115894,80.0441,0.971027
616,0.4954,-3.1243,-0.0884875,80.0997,0.977878
617,0.4875,-2.461,-0.0598062,80.1599,0.985048
618,0.4731,-1.7759,-0.0311063,80.224,0.992223
619,0.4525,-1.0588,-0.00244375,80.2911,0.999389
620,0.4259,-0.3413,0.0265438,80.3609,1
621,0.3938,0.3752,0.0545625,80.4327,1
622,0.3568,1.0999,0.0811,80.506,1
623,0.3153,1.8004,0.106881,80.5794,1
624,0.27,2.4638,0.130575,80.6521,1
625,0.2217,3.1084,0.151631,80.7234,1
626,0.1184,3.7007,0.391,80.8629,1
627,0.0893,4.2271,0.0996563,80.9312,1
628,0.1423,10.2113,-0.238681,80.9642,0.94033
629,0.2744,2.9277,-0.57985,81.0288,0.855038
630,0.4048,-5.5307,-0.5975,81.07,0.850625
631,0.5313,-14.0599,-0.605619,81.0629,0.848595
632,0.6529,-14.5012,-0.608819,81.0252,0.847795
633,0.7684,-14.7041,-0.606075,80.9721,0.848481
634,0.8767,-14.7841,-0.597581,80.9132,0.850605
635,0.9769,-14.7155,-0.583969,80.8525,0.854008
636,1.0677,-14.5032,-0.563394,80.7927,0.859152
637,1.1481,-14.1629,-0.536869,80.7348,0.865783
638,1.217,-13.6485,-0.503788,80.6804,0.874053
639,1.2732,-12.9854,-0.463525,80.6326,0.884119
640,1.3158,-12.1584,-0.417112,80.5968,0.895722
641,1.3438,-11.1518,-0.363963,80.5725,0.909009
642,1.3567,-9.9915,-0.305981,80.5643,0.923505
643,1.3738,-8.6627,-0.325987,80.5705,0.918503
644,1.4204,-7.2132,-0.452725,80.5928,0.886819
645,1.4649,-7.7134,-0.452669,80.6169,0.886833
646,1.4919,-10.8818,-0.387731,80.6198,0.903067
647,1.5008,-10.8804,-0.317,80.6121,0.92075
648,1.4631,-9.257,-0.123531,80.6205,0.969117
649,1.3507,-7.4887,0.196344,80.6666,1
650,1.2678,-2.652,0.0938875,80.7162,1
651,1.1709,5.3449,0.168056,80.761,1
652,1.0604,2.7835,0.243175,80.824,1
653,1.0604,2.7835,-0.198825,80.824,0.950294
654,0.9081,6.5157,0.438931,80.9272,1
655,0.9125,-4.5343,-0.188694,80.9726,0.952827
656,0.918,11.4096,-0.194125,80.9896,0.951469
657,0.918,11.4096,-0.172125,80.9896,0.956969
658,0.912,-4.4168,-0.147,81.0272,0.96325
659,0.8656,-3.8668,0.0233,81.1013,1
660,0.8255,-3.2387,0.00561875,81.1418,1
661,0.7758,1.0188,0.0533375,81.1978,1
662,0.717,0.5768,0.100763,81.2618,1
663,0.717,0.5768,-0.134437,81.2618,0.966391
664,0.6503,2.9554,0.144869,81.328,1
665,0.5744,-2.9246,0.1959,81.3812,1
666,0.4917,4.0581,0.238606,81.4405,1
667,0.4037,5.3338,0.276306,81.499,1
668,0.3117,6.4015,0.309556,81.555,1
669,0.217,7.344,0.338112,81.6074,1
670,0.1212,8.1752,0.360475,81.6558,1
671,0.0257,8.8891,0.377181,81.6994,1
672,-0.0681,9.4482,0.387969,81.7402,1
673,-0.1588,9.8659,0.392575,81.7791,1
674,-0.2451,10.1356,0.391156,81.8169,1
675,-0.3256,10.2507,0.38305,81.855,1
676,-0.3852,10.2152,0.310625,81.8945,1
677,-0.3623,10.0126,-0.0236687,81.9366,0.994083
678,-0.2728,8.202,-0.30685,81.9914,0.923288
679,-0.1757,-0.1554,-0.355456,82.0512,0.911136
680,-0.0748,-7.2349,-0.389575,82.067,0.902606
681,0.0289,-8.4501,-0.420219,82.0657,0.894945
682,0.1342,-9.303,-0.446363,82.0539,0.888409
683,0.2401,-10.0691,-0.468619,82.0345,0.882845
684,0.3453,-10.7227,-0.485544,82.0098,0.878614
685,0.4487,-11.2791,-0.497731,81.981,0.875567
686,0.549,-11.7023,-0.504138,81.9491,0.873966
687,0.6452,-12.007,-0.505775,81.915,0.873556
688,0.7359,-12.1671,-0.500781,81.8798,0.874805
689,0.8963,-12.208,-0.809656,81.8106,0.797586
690,0.9635,-12.0832,-0.449456,81.7789,0.887636
691,1.0203,-19.8051,-0.418506,81.7393,0.895373
692,1.0657,-10.8001,-0.381419,81.6806,0.904645
693,1.0992,-10.0263,-0.3401,81.6591,0.914975
694,1.1407,-9.0991,-0.379881,81.6586,0.90503
695,1.2005,-8.0662,-0.464294,81.6786,0.883927
696,1.2564,-9.0607,-0.459175,81.6937,0.885206
697,1.2968,-11.171,-0.40475,81.6881,0.898813
698,1.321,-11.043,-0.344488,81.6774,0.913878
699,1.3286,-9.6824,-0.279513,81.6771,0.930122
700,1.3194,-8.1759,-0.210587,81.6925,0.947353
701,1.2936,-6.5515,-0.13935,81.7236,0.965162
702,1.2516,-4.8284,-0.066675,81.7682,0.983331
703,1.1942,-3.0474,0.0056875,81.8238,1
704,1.1219,-1.2305,0.0788438,81.8886,1
705,1.036,0.5785,0.14935,81.9556,1
706,0.9734,2.4074,0.0678875,82.0223,1
707,0.9193,4.1701,0.0440313,82.0854,1
708,0.8966,2.1335,-0.0773125,82.155,0.980672
709,0.8656,1.5371,-0.0383,82.2244,0.990425
710,0.8237,-1.4965,0.0131563,82.2939,1
711,0.7717,-0.5212,0.0633062,82.3592,1
712,0.7102,0.7652,0.112837,82.4244,1
713,0.6403,2.019,0.159544,82.4902,1
714,0.5629,3.2573,0.204056,82.5546,1
715,0.4794,4.4249,0.244112,82.6213,1
716,0.3909,5.5377,0.280706,82.6813,1
717,0.299,6.5391,0.311538,82.7351,1
718,0.205,7.454,0.337562,82.7829,1
719,0.1103,8.2248,0.358119,82.8259,1
720,0.0164,8.8754,0.372525,82.8652,1
721,-0.0754,9.3893,0.381337,82.9025,1
722,-0.1636,9.7495,0.383475,82.9377,1
723,-0.2469,9.9698,0.379494,82.9726,1
724,-0.3242,10.0232,0.369987,83.0086,1
725,-0.3943,9.9237,0.354331,83.0468,1
726,-0.4562,9.686,0.333138,83.0881,1
727,-0.5089,9.2946,0.306219,83.1334,1
728,-0.5519,8.7648,0.275481,83.1831,1
729,-0.606,7.3234,0.330025,83.2964,1
730,-0.6084,7.3234,0.123675,83.3556,1
731,-0.5619,8.687,-0.0806438,83.4068,0.979839
732,-0.4766,3.5282,-0.251837,83.4746,0.937041
733,-0.3812,-1.5798,-0.310125,83.5344,0.922469
734,-0.2783,-5.8596,-0.359419,83.5659,0.910145
735,-0.1695,-7.3168,-0.403419,83.577,0.899145
736,-0.056,-8.5491,-0.4435,83.575,0.889125
737,0.0607,-9.6491,-0.478181,83.5642,0.880455
738,0.1793,-10.6512,-0.508019,83.5462,0.872995
739,0.2984,-11.5182,-0.53235,83.522,0.866912
740,0.4165,-12.2641,-0.550494,83.4923,0.862377
741,0.5322,-12.8724,-0.562588,83.4576,0.859353
742,0.6441,-13.326,-0.568369,83.4189,0.857908
743,0.7507,-13.6284,-0.567156,83.3774,0.858211
744,0.8505,-13.7729,-0.558669,83.3349,0.860333
745,0.9419,-13.7426,-0.542206,83.2902,0.864448
746,1.0235,-13.5304,-0.518306,83.2466,0.870423
747,1.0939,-13.1188,-0.486706,83.2069,0.878323
748,1.1558,-12.5213,-0.464312,83.1756,0.883922
749,1.2315,-11.7313,-0.533706,83.1584,0.866573
750,1.3151,-11.1715,-0.580981,83.1484,0.854755
751,1.3931,-12.9063,-0.573206,83.1253,0.856698
752,1.4542,-14.0882,-0.517062,83.0895,0.870734
753,1.4972,-13.8938,-0.452725,83.0511,0.886819
754,1.5212,-12.4902,-0.381225,83.0239,0.904694
755,1.5258,-10.8818,-0.304487,83.0155,0.923878
756,1.511,-9.0943,-0.224112,83.0275,0.943972
757,1.4769,-7.1759,-0.140519,83.0579,0.96487
758,1.4241,-5.1665,-0.0558187,83.1027,0.986045
759,1.3532,-3.0766,0.029875,83.1577,1
760,1.1618,1.1832,0.547763,83.2844,1
761,1.0434,1.1832,0.277962,83.3573,1
762,0.9133,14.1304,0.349156,83.3738,1
763,0.7732,7.3854,0.415425,83.3953,1
764,-0.0193,9.1652,1,83.5218,1
765,-0.3496,10.822,1,83.5585,1
766,-0.5108,25,0.740575,83.5556,1
767,-0.6669,25,0.749444,83.5118,1
768,-0.9564,19.1724,1,83.3924,1
769,-1.0863,19.1724,0.723281,83.3476,1
770,-1.1987,25,0.674356,83.3123,1
771,-1.2835,18.5184,0.579856,83.2505,1
772,-1.3273,17.2952,0.424069,83.2133,1
773,-1.3491,14.9327,0.340156,83.2075,1
774,-1.3519,11.0381,0.264681,83.2358,1
775,-1.3379,8.9402,0.194856,83.2834,1
776,-1.3075,7.0534,0.123556,83.3424,1
777,-1.2609,5.3077,0.0500187,83.4078,1
778,-1.1985,3.5252,-0.0248813,83.4767,0.99378
779,-1.121,1.6868,-0.0998125,83.5464,0.975047
780,-1.0296,-0.1857,-0.17255,83.6135,0.956863
781,-0.9254,-2.059,-0.243288,83.6742,0.939178
782,-0.81,-3.8774,-0.309725,83.7281,0.922569
783,-0.6851,-5.6459,-0.371144,83.7658,0.907214
784,-0.5524,-7.3068,-0.427225,83.786,0.893194
785,-0.4135,-8.8423,-0.478069,83.7905,0.880483
786,-0.2702,-10.2443,-0.522537,83.785,0.869366
787,-0.1241,-11.5154,-0.561131,83.7671,0.859717
788,0.0231,-12.6271,-0.593131,83.7386,0.851717
789,0.1699,-13.592,-0.619056,83.7015,0.845236
790,0.3145,-14.392,-0.637369,83.6577,0.840658
791,0.4554,-15.0401,-0.648988,83.6084,0.837753
792,0.5911,-15.4979,-0.653631,83.5551,0.836592
793,0.7198,-15.7884,-0.649763,83.4991,0.837559
794,0.8401,-15.9045,-0.638719,83.442,0.84032
795,0.9505,-15.8077,-0.619819,83.3849,0.845045
796,1.0491,-15.5316,-0.591106,83.3297,0.852223
797,1.1346,-15.0591,-0.554738,83.2771,0.861316
798,1.2055,-14.3413,-0.509631,83.232,0.872592
799,1.2609,-13.4321,-0.458019,83.1981,0.885495
800,1.2996,-12.3045,-0.398475,83.1821,0.900381
801,1.3213,-11.0141,-0.334544,83.1833,0.916364
802,1.3255,-9.5255,-0.265331,83.1984,0.933667
803,1.3123,-7.9273,-0.193256,83.2264,0.951686
804,1.282,-6.1969,-0.119175,83.2656,0.970206
805,1.2348,-4.3951,-0.042725,83.3144,0.989319
806,1.1715,-2.543,0.0335437,83.3702,1
807,1.093,-0.6318,0.109063,83.4295,1
808,1.0006,1.2749,0.181988,83.4893,1
809,0.8955,3.1629,0.252494,83.5459,1
810,0.7795,4.986,0.317844,83.5959,1
811,0.6544,6.7487,0.3777,83.6392,1
812,0.5633,8.3824,0.258781,83.6683,1
813,0.7646,9.8788,-0.948562,83.6845,0.762859
814,0.6677,6.9059,0.262406,83.6793,1
815,0.4638,-23.2777,0.728637,83.6931,1
816,0.295,6.9965,0.619888,83.7291,1
817,0.1606,18.6523,0.507487,83.7191,1
818,0.0593,15.9335,0.394081,83.5751,1
819,-0.018,13.1235,0.312575,83.6175,1
820,-0.0771,10.2884,0.250856,83.6573,1
821,-0.1317,8.2507,0.243094,83.7001,1
822,-0.1815,6.7077,0.233231,83.7459,1
823,-0.2256,6.5137,0.2187,83.7899,1
824,-0.2633,6.2671,0.200169,83.8332,1
825,-0.294,5.9038,0.177925,83.8774,1
826,-0.3175,5.4406,0.153531,83.924,1
827,-0.3334,4.8845,0.126112,83.9744,1
828,-0.3415,4.2746,0.0964313,84.0292,1
829,-0.3418,3.5891,0.0652875,84.089,1
830,-0.3344,2.8471,0.0331,84.1532,1
831,-0.3193,2.0685,-0.00053125,84.2212,0.999867
832,-0.2969,1.2638,-0.0339312,84.2914,0.991517
833,-0.2675,0.4231,-0.0674437,84.3624,0.983139
834,-0.2316,-0.4119,-0.100175,84.4325,0.974956
835,-0.1899,-1.2498,-0.131194,84.4993,0.967202
836,-0.143,-2.068,-0.160788,84.5613,0.959803
837,-0.0917,-2.8435,-0.188006,84.6177,0.952998
838,-0.0369,-3.5834,-0.212281,84.6684,0.94693
839,0.0205,-4.2638,-0.233444,84.7135,0.941639
840,0.0795,-4.8707,-0.250906,84.7535,0.937273
841,0.1392,-5.3998,-0.2649,84.7891,0.933775
842,0.1987,-5.8363,-0.275256,84.8213,0.931186
843,0.257,-6.1862,-0.281388,84.851,0.929653
844,0.3131,-6.4451,-0.283106,84.879,0.929223
845,0.3661,-6.5984,-0.280644,84.9064,0.929839
846,0.4153,-6.6413,-0.274669,84.9342,0.931333
847,0.4599,-6.5798,-0.264631,84.9633,0.933842
848,0.4991,-6.4304,-0.250381,84.9943,0.937405
849,0.5324,-6.1794,-0.233025,85.0279,0.941744
850,0.5593,-5.8232,-0.212469,85.0646,0.946883
851,0.5793,-5.3893,-0.188619,85.1047,0.952845
852,0.5922,-4.8754,-0.162637,85.1483,0.959341
853,0.5978,-4.2791,-0.134488,85.1953,0.966378
854,0.596,-3.6296,-0.10455,85.2456,0.973863
855,0.5868,-2.9259,-0.073225,85.2988,0.981694
856,0.5703,-2.1774,-0.0409313,85.3546,0.989767
857,0.5468,-1.3943,-0.008525,85.4126,0.997869
858,0.5166,-0.5869,0.0239375,85.4723,1
859,0.48,0.2232,0.0564,85.5332,1
860,0.4377,1.0348,0.0871313,85.5949,1
861,0.3903,1.8463,0.116419,85.6559,1
862,0.3385,2.6146,0.143731,85.7152,1
863,0.2831,3.3468,0.168519,85.7722,1
864,0.225,4.0296,0.190213,85.8267,1
865,0.1651,4.6493,0.208644,85.8786,1
866,0.1043,5.1916,0.223644,85.9283,1
867,0.0437,5.6524,0.234206,85.9759,1
868,-0.0159,6.0274,0.241381,86.022,1
869,-0.0735,6.2915,0.244181,86.0671,1
870,-0.1282,6.4709,0.242838,86.112,1
871,-0.1791,6.5409,0.237181,86.157,1
872,-0.2255,6.5073,0.227881,86.203,1
873,-0.2666,6.3659,0.214388,86.2505,1
874,-0.3019,6.1334,0.197806,86.2998,1
875,-0.3307,5.796,0.177206,86.3514,1
876,-0.3526,5.3815,0.153713,86.4052,1
877,-0.3674,4.8665,0.128087,86.4614,1
878,-0.3749,4.2791,0.100294,86.5198,1
879,-0.3748,3.6385,0.069875,86.5799,1
880,-0.3673,2.9437,0.0388687,86.6413,1
881,-0.3524,2.1832,0.006475,86.7036,1
882,-0.3304,1.4081,-0.02605,86.7663,0.993488
883,-0.3015,0.5982,-0.0590688,86.8288,0.985233
884,-0.2663,-0.2149,-0.0908688,86.8906,0.977283
885,-0.2251,-1.0404,-0.122594,86.9502,0.969352
886,-0.1788,-1.8354,-0.151675,87.0065,0.962081
887,-0.128,-2.6285,-0.1792,87.0587,0.9552
888,-0.0736,-3.3555,-0.2038,87.1065,0.94905
889,-0.0165,-4.0437,-0.225306,87.1498,0.943673
890,0.0424,-4.6587,-0.24355,87.1888,0.939113
891,0.1022,-5.1963,-0.258362,87.2238,0.935409
892,0.1619,-5.6524,-0.269156,87.2555,0.932711
893,0.2205,-6.0227,-0.275744,87.2844,0.931064
894,0.277,-6.2926,-0.277938,87.3114,0.930516
895,0.3306,-6.4573,-0.276387,87.3373,0.930903
896,0.3805,-6.5121,-0.270944,87.3631,0.932264
897,0.4256,-6.4734,-0.2602,87.3896,0.93495
898,0.4655,-6.3373,-0.246881,87.4175,0.93828
899,0.4995,-6.0687,-0.229656,87.4477,0.942586
900,0.5269,-5.7357,-0.208394,87.4806,0.947902
901,0.5475,-5.3051,-0.185056,87.5166,0.953736
902,0.5609,-4.7735,-0.158769,87.5559,0.960308
903,0.567,-4.1901,-0.130712,87.5984,0.967322
904,0.5655,-3.5329,-0.100031,87.6441,0.974992
905,0.5566,-2.8315,-0.0687625,87.6926,0.982809
906,0.5167,-2.0644,0.0627187,87.7963,1
907,0.4859,-1.2827,0.0320938,87.8501,1
908,0.4493,2.0043,0.0621563,87.901,1
909,0.4493,2.0043,-0.0842437,87.901,0.978939
910,0.4072,1.9902,0.09205,87.9542,1
911,0.3589,-1.6698,0.125906,88.011,1
912,0.306,2.7376,0.154225,88.0623,1
913,0.2492,3.584,0.180475,88.1118,1
914,0.1897,4.292,0.202431,88.1591,1
915,0.1284,4.9482,0.221125,88.2037,1
916,0.0663,5.4971,0.235969,88.246,1
917,-0.0564,5.9645,0.501375,88.327,1
918,-0.1151,6.3356,0.256381,88.3667,1
919,-0.1692,12.9707,0.248125,88.3589,1
920,-0.2629,6.8459,0.424094,88.4303,1
921,-0.3008,6.6395,0.208,88.471,1
922,-0.3303,11.0387,0.179931,88.4801,1
923,-0.3303,11.0387,0.0619312,88.4801,1
924,-0.3669,4.9346,0.215194,88.5758,1
925,-0.3865,1.9846,0.150869,88.6327,1
926,-0.435,5.8162,0.275562,88.6808,1
927,-0.539,4.2081,0.517063,88.7344,1
928,-0.7091,7.3254,0.813356,88.7724,1
929,-0.5206,13.3629,-0.656388,88.7599,0.835903
930,-0.2251,20.7702,-1,88.7357,0.75
931,-0.1461,-15.9734,-0.288606,88.7111,0.927848
932,0.0303,-24.5637,-0.711281,88.5808,0.82218
933,0.1259,-6.7788,-0.406006,88.4535,0.898498
934,0.2241,-17.3457,-0.434819,88.3786,0.891295
935,0.3235,-9.7138,-0.458256,88.3068,0.885436
936,0.4224,-10.4341,-0.4748,88.2628,0.8813
937,0.6126,-11.0201,-0.875663,88.1941,0.781084
938,0.7008,-11.4337,-0.4842,88.1621,0.87895
939,0.7824,-21.4552,-0.4731,88.115,0.881725
940,0.8559,-11.6687,-0.454481,88.0413,0.88638
941,0.92,-11.3912,-0.4289,87.9983,0.892775
942,1.0155,-10.9257,-0.572406,87.9525,0.856898
943,1.0447,-10.2862,-0.312681,87.9417,0.92183
944,1.0592,-13.8738,-0.2566,87.905,0.93585
945,1.0592,-13.8738,-0.1986,87.905,0.95035
946,1.0603,-5.9787,-0.203206,87.9174,0.949198
947,1.0482,-4.5287,-0.148138,87.9491,0.962966
948,1.0227,-4.6438,-0.0897562,87.9887,0.977561
949,0.984,-3.2671,-0.0297,88.034,0.992575
950,0.9326,-1.8076,0.0307375,88.0835,1
951,0.8685,-0.3062,0.0935562,88.0167,1
952,0.8038,1.2048,0.108088,87.9535,1
953,0.738,2.7752,0.124825,87.8914,1
954,0.6714,3.1385,0.140512,88.0414,1
955,0.5626,3.557,0.329713,88.2362,1
956,0.4479,3.9491,0.374819,88.2376,1
957,0.3307,8.6791,0.406794,88.1274,1
958,0.2129,9.8068,0.431281,88.0536,1
959,-0.0218,10.6062,0.942888,88.4319,1
960,-0.1337,11.2184,0.472669,88.4252,1
961,-0.2955,24.0085,0.702606,88.302,1
962,-0.3191,12.2531,0.154231,88.2242,1
963,-0.3263,18.0015,0.0899812,88.1591,1
964,-0.3263,18.0015,0.0611812,88.1591,1
965,-0.2951,2.6859,-0.0694688,88.2284,0.982633
966,-0.2951,2.6859,0.0553312,88.2284,1
967,-0.2683,-1.3004,-0.0568937,88.2709,0.985777
968,-0.2331,1.8196,-0.0970937,88.3251,0.975727
969,-0.1908,-0.986,-0.133425,88.3837,0.966644
970,-0.142,-1.991,-0.168575,88.4419,0.957856
971,-0.0877,-2.8993,-0.200756,88.496,0.949811
972,-0.0289,-3.778,-0.229781,88.5438,0.942555
973,0.0334,-4.5826,-0.255462,88.5839,0.936134
974,0.098,-5.3082,-0.276775,88.616,0.930806
975,0.1638,-5.9502,-0.293912,88.6407,0.926522
976,0.2296,-6.483,-0.30625,88.6594,0.923438
977,0.2942,-6.9115,-0.313563,88.6734,0.921609
978,0.3565,-7.2199,-0.316044,88.6842,0.920989
979,0.4154,-7.4027,-0.313488,88.6936,0.921628
980,0.4699,-7.4648,-0.306106,88.703,0.923473
981,0.5256,-7.4009,-0.32135,88.7139,0.919663
982,0.6092,-7.2163,-0.448625,88.7274,0.887844
983,0.7194,-7.5974,-0.575688,88.7406,0.856078
984,0.828,-10.7793,-0.58965,88.7304,0.852588
985,0.9257,-13.9559,-0.564369,88.6889,0.858908
986,1.011,-14.3049,-0.530762,88.6362,0.867309
987,1.0826,-13.6729,-0.489388,88.5823,0.877653
988,1.1391,-12.8327,-0.439581,88.5366,0.890105
989,1.1795,-11.7984,-0.382756,88.501,0.904311
990,1.2031,-10.5532,-0.319981,88.4792,0.920005
991,1.2094,-9.1326,-0.251962,88.4736,0.937009
992,1.1983,-7.5632,-0.180281,88.4858,0.95493
993,1.1699,-5.8627,-0.105756,88.5113,0.973561
994,1.1248,-4.0707,-0.0305,88.5481,0.992375
995,1.0636,-2.2076,0.045375,88.5949,1
996,0.9872,-0.3262,0.1205,88.6485,1
997,0.8968,1.5707,0.19345,88.7009,1
998,0.7941,3.4488,0.261906,88.7486,1
999,0.6807,5.2726,0.325969,88.7893,1
1000,0.4287,6.984,0.927619,88.8493,1
1001,0.4287,6.984,-0.0803813,88.8493,0.979905
1002,0.2939,23.6268,0.484094,88.8552,1
1003,0.1702,-1.5732,0.462888,88.8459,1
1004,0.0767,12.5387,0.359619,88.8227,1
1005,0.0313,12.0085,0.175731,88.8091,1
1006,-0.0143,9.4268,0.185081,88.8195,1
1007,-0.0605,4.8296,0.196144,88.8599,1
1008,-0.1066,5.0634,0.204387,88.9062,1
1009,-0.1515,5.3399,0.208006,88.9544,1
1010,-0.1946,5.546,0.208888,89.0032,1
1011,-0.235,5.6365,0.205662,89.0523,1
1012,-0.272,5.6585,0.199,89.1016,1
1013,-0.291,5.5779,0.130562,89.1516,1
1014,-0.1773,5.4113,-0.421556,89.2024,0.894611
1015,-0.0269,3.7004,-0.596556,89.2564,0.850861
1016,0.1248,-10.1026,-0.6302,89.2516,0.84245
1017,0.2766,-14.4776,-0.659063,89.2224,0.835234
1018,0.4272,-15.3187,-0.6825,89.1624,0.829375
1019,0.5754,-16.0402,-0.700688,89.0843,0.824828
1020,0.7199,-16.6262,-0.712981,88.9978,0.821755
1021,0.8597,-17.0809,-0.720394,88.9058,0.819902
1022,0.9934,-17.3882,-0.721062,88.8101,0.819734
1023,1.1196,-17.5735,-0.714725,88.7109,0.821319
1024,1.2368,-17.5902,-0.7007,88.606,0.824825
1025,1.4393,-17.4318,-1,88.3911,0.75
1026,1.4393,-17.4318,-0.269869,88.3911,0.932533
1027,1.5858,-24.5637,-0.883338,88.318,0.779166
1028,1.7762,-6.3104,-1,88.2337,0.75
1029,2.028,-21.6471,-1,88.1632,0.75
1030,2.2649,-24.5637,-1,88.0637,0.75
1031,2.4861,-24.5637,-1,87.9331,0.75
1032,2.6913,-24.5637,-1,87.8079,0.75
1033,2.8797,-24.5637,-1,87.6892,0.75
1034,3.0502,-24.5637,-1,87.567,0.75
1035,3.202,-24.5637,-1,87.4278,0.75
1036,2.9811,-24.5637,0.324644,87.2768,1
1037,3.3635,-24.5637,-1,87.1489,0.75
1038,3.7624,8.5524,-1,87.0644,0.75
1039,4.0819,-24.5637,-1,87.0118,0.75
1040,4.4122,-24.5637,-1,86.9,0.75
1041,4.7216,-24.5637,-1,86.7613,0.75
1042,5.01,-24.5637,-1,86.6289,0.75
1043,5.2766,-24.5637,-1,86.5089,0.75
1044,5.5212,-24.5637,-1,86.3806,0.75
1045,5.7436,-24.5637,-1,86.2358,0.75
1046,5.9435,-24.5637,-1,86.0863,0.75
1047,6.1203,-24.5637,-1,85.9429,0.75
1048,6.2733,-24.5637,-1,85.8039,0.75
1049,6.4021,-24.5637,-1,85.6661,0.75
1050,6.584,-24.5637,-1,85.358,0.75
1051,6.5019,-24.5637,-0.890706,85.19,0.777323
1052,6.721,-24.5637,-1,85.034,0.75
1053,6.9295,-21.8313,-1,84.913,0.75
1054,7.2597,-24.5637,-1,83.3315,0.75
1055,7.4382,-24.5637,-1,81.1071,0.75
1056,7.6042,-24.5637,-1,75.234,0.75
1057,7.6042,-24.5637,-1,75.234,0.75
1058,7.7728,-24.5637,-1,74.4535,0.75
1059,7.9418,-24.5637,-1,73.9569,0.75
1060,8.111,-24.5637,-1,73.5984,0.75
1061,8.2785,-24.5637,-1,73.8479,0.75
1062,8.4458,-24.5637,-1,73.6528,0.75
1063,8.6127,-24.5637,-1,73.4606,0.75
1064,8.3616,-24.5637,-0.5634,73.2714,0.85915
1065,8.658,-24.5637,-1,73.0852,0.75
1066,8.9541,-13.6487,-1,72.9021,0.75
1067,9.5449,-24.5637,-1,72.5447,0.75
1068,10.1344,-24.5637,-1,72.1995,0.75
